2.70572,1,3,2,3,75.27,310.419
6.2157,4,2,0,6,22,341.454
3.51504,1,3,1,5,41.57,304.434
0.23654,1,2,5,3,97.78,205.265
-7.8282,0,13,3,10,194.04,447.465
4.0435,3,6,2,10,110.28,500.596
4.02588,3,4,0,6,54.5,336.826
3.5148,0,0,0,4,0,323.448
3.6768,2,2,0,3,6.48,300.833
1.9287,1,6,0,7,65.07,339.413
1.3506,1,2,2,1,49.33,151.165
1.7696,2,2,2,2,58.2,252.273
2.6069,0,2,0,2,26.3,160.153
4.164,1,4,2,14,69.64,384.586
4.8266,3,6,0,8,64.8,426.488
3.3872,2,4,1,8,37.39,287.407
2.0565,0,3,0,3,27.69,202.294
1.1872,0,1,0,2,23.55,154.125
1.3578,0,3,0,6,29.54,257.398
1.8964,2,3,1,1,48.57,337.423
0.2684,3,10,5,9,210.54,454.447
4.7181,1,5,0,6,40.58,350.591
3.0771,2,5,0,7,34.17,356.466
3.8264,2,1,1,3,12.03,263.384
0.19,1,5,2,3,123.76,198.138
2.0227,0,4,2,7,90.65,260.334
-1.51428,1,6,3,2,104.55,242.231
2.1395,1,6,1,5,110.67,258.621
4.4726,3,4,0,7,42.16,361.489
0.0863,1,3,2,2,103.25,234.664
1.4525,1,4,1,5,39.72,237.299
2.96832,3,6,4,5,90.15,444.524
3.4014,2,2,1,3,32.59,225.291
1.5841,0,1,0,8,9.23,232.412
5.9052,4,9,4,17,145.78,720.962
2.0835,0,1,0,2,9.23,168.036
1.1935,2,5,2,2,87.74,234.207
-7.7727,1,14,0,20,219.6,508.46
8.9179,1,2,0,11,34.14,444.659
3.451,2,3,0,4,35.91,375.394
1.9222,0,4,0,8,44.76,370.534
1.8709,1,3,1,3,38.33,233.311
1.9804,2,6,2,4,83.8,375.4
2.73034,1,2,1,1,23.47,243.35
1.1077,2,5,1,5,90.06,260.253
2.7214,1,4,2,11,75.99,296.363
4.321,1,3,0,3,21.7,329.484
4.4666,1,0,0,3,0,358.14
0.53442,1,6,0,5,95.1,247.276
4.8106,2,3,1,8,28.16,319.88
3.8309,2,5,0,9,48.38,485.003
3.58472,1,6,0,7,53.47,304.352
-8.1012,0,21,14,16,399.71,846.786
2.4635,2,5,0,6,37.83,327.428
3.2926,2,6,0,7,74.72,363.797
4.3191,3,6,2,9,110.28,488.997
2.376,2,6,4,7,100.05,386.448
1.9477,0,2,2,4,40.46,186.295
3.6098,0,1,1,0,20.23,222.372
3.5269,1,4,2,8,90.65,308.378
-2.3274,0,5,5,10,88.13,189.307
2.5982,2,5,3,8,113.6,445.541
5.0042,3,6,1,6,59.51,475.362
1.9664,1,1,1,2,26.02,149.237
1.9207,1,3,1,5,27.63,245.37
3.0804,1,2,1,0,23.47,257.377
4.14202,2,4,0,9,24.94,396.575
7.9286,2,0,0,1,0,627.588
-3.2214,0,6,5,1,110.38,180.156
2.6061,0,3,0,5,15.71,256.434
1.5519,1,4,2,2,80.39,257.355
7.5043,2,3,3,3,77.76,468.678
-0.3149,1,3,2,1,68.01,137.142
2.3345,1,4,3,4,94.83,268.652
-0.4597,0,2,1,2,23.47,89.138
2.2874,0,1,1,5,37.3,144.214
1.5429,0,1,1,2,3.24,149.284
1.3014,1,5,2,2,70,327.38
-0.0441,1,3,0,1,40.13,152.174
2.1209,2,7,1,9,82.05,350.463
0.1866,1,9,5,3,164.63,457.483
5.3062,2,4,0,13,24.94,466.71
2.4635,2,5,0,6,37.83,327.428
4.4795,0,4,0,13,59.08,468.249
4.3389,2,3,0,1,57.2,319.446
2.1661,1,3,2,5,67.43,276.336
1.52612,2,4,1,2,38.96,217.272
3.6827,2,6,0,8,74.72,377.824
1.0415,0,4,2,3,83.47,281.352
2.2663,1,7,2,8,99.88,408.882
0.0006,0,2,2,3,40.46,128.171
-0.696,1,5,5,5,156.79,310.262
0.15472,1,11,5,9,272.67,507.182
1.0234,0,2,2,5,40.46,146.23
3.0113,2,2,1,3,32.59,211.264
11.0867,1,3,0,10,35.53,611.351
4.9521,3,5,2,6,83.24,534.432
0.8334,3,7,3,1,129.62,253.269
1.8133,0,1,0,4,17.07,254.418
1.65552,2,3,1,4,55.68,243.334
5.2243,0,1,0,0,9.23,411.754
1.9372,2,4,1,4,39.6,283.375
0.8709,2,7,1,3,112.76,246.23
0.3713,0,1,0,1,17.07,56.064
-1.2886,1,7,3,2,110.6,263.2
4.5732,5,12,1,12,115.7,700.791
4.01532,2,3,1,6,53.43,348.446
0.5809,1,5,1,2,88.37,214.206
4.59962,4,5,0,4,43.7,426.516
0.5992,1,3,1,1,64.68,176.175
2.4909,1,6,0,5,70.83,263.211
3.72034,1,5,1,6,98.31,281.312
-0.1869,0,4,2,4,104.64,176.172
3.7721,2,2,1,1,37.3,240.302
0.89634,1,3,2,1,53.35,153.181
1.5657,1,3,1,3,30.49,193.246
2.5584,0,3,0,4,29.54,263.381
2.9738,2,3,3,2,60.69,228.247
2.1458,1,3,1,3,27.63,255.365
5.3649,4,7,2,5,110.86,519.574
3.1652,2,2,0,5,16.13,240.35
3.783,2,4,2,9,48.39,335.879
5.1915,1,5,0,8,18.46,322.457
-0.64192,0,5,2,3,103.58,198.182
2.26402,2,5,2,5,67.52,278.352
4.7751,2,3,0,8,27.05,286.419
0.3871,0,1,1,0,20.23,60.096
4.121,2,2,0,4,6.48,294.442
3.4237,2,2,2,2,40.46,228.291
4.395,2,3,0,7,35.91,401.913
3.4751,0,4,3,13,94.83,354.487
3.9165,0,7,1,4,99.13,466.958
2.3409,2,6,2,11,99.88,408.52
1.2365,1,2,1,3,52.32,209.321
0.6442,0,2,0,3,26.3,160.237
3.6096,3,4,1,4,67.51,308.333
-0.9703,0,2,2,1,63.32,75.067
2.6864,3,3,1,1,41.57,201.254
4.9178,0,4,0,2,60.44,416.945
1.71962,1,6,0,3,129.42,227.132
3.3834,1,3,0,7,29.54,289.419
-0.1273,0,2,1,3,63.4,170.212
4.5063,0,5,0,7,18.46,288.44
4.2651,0,4,0,2,60.44,372.505
1.2854,0,5,2,7,90.65,312.41
0.1184,0,3,2,4,40.46,322.779
3.0823,3,5,1,4,73.44,314.341
7.5717,4,3,2,7,61.44,557.738
4.252,2,2,0,4,8.17,284.447
1.3026,2,6,1,7,90.41,309.347
3.97194,2,3,2,6,54.02,297.402
3.512,4,13,1,12,176.99,640.649
1.736,1,2,1,1,21.26,177.247
4.1482,1,5,0,7,89.52,335.282
3.1807,0,1,2,11,64.4,227.396
3.1496,2,2,1,0,33.12,396.953
4.2148,2,4,0,8,32.78,386.561
2.5866,0,0,0,3,0,86.178
1.9365,1,3,2,1,36.42,215.3
1.1292,1,4,4,4,72.72,211.261
0.7358,3,7,1,5,81.65,306.276
3.1615,2,4,0,5,39.15,410.949
6.10372,2,1,1,3,37.3,348.486
2.1205,0,4,0,7,36.92,384.561
7.0274,0,2,0,15,26.3,356.55
3.1672,2,3,1,4,54.37,260.314
0.6983,0,1,1,1,37.3,108.524
5.7194,0,11,2,6,158.13,810.466
6.5761,1,2,2,2,58.2,528.537
-0.8555,1,6,2,4,101.42,187.155
1.6378,2,5,1,8,72.42,335.429
2.8716,2,6,1,5,83.09,399.443
3.9366,2,2,1,2,28.26,310.441
3.2646,2,4,1,9,58.36,358.269
4.6309,3,3,1,6,21.26,297.423
3.9884,3,3,2,4,74.6,318.328
1.9461,0,2,2,6,40.46,174.284
3.1469,1,4,4,12,89.79,415.574
1.9592,0,0,0,7,0,202.386
4.5645,3,9,0,7,96.65,458.833
3.2053,2,5,0,4,77.24,359.325
3.6198,2,3,0,4,35.91,367.88
-1.0038,0,2,2,0,55.12,74.083
6.609,2,2,2,2,40.46,406.907
2.5775,2,3,2,6,41.49,259.349
2.2512,1,2,1,4,38.33,245.322
1.0672,1,2,2,2,46.25,151.209
2.0796,3,6,1,1,81.42,348.358
-3.2289,0,5,1,5,109.36,187.151
1.588,0,3,1,2,32.59,133.216
-1.0397,2,5,1,0,72.68,180.167
2.8978,1,2,1,2,29.1,237.73
1.7807,1,4,2,3,98.33,612.907
3.6614,2,1,1,2,12.03,267.397
1.5857,0,1,0,9,9.23,232.412
1.2576,2,7,2,5,105.51,290.323
5.2923,1,4,0,10,36.92,511.521
2.3836,0,0,0,2,0,236.334
2.0951,2,5,0,5,45.67,311.385
-0.8019,0,2,2,2,32.26,75.111
-1.0124,0,3,2,4,49.69,106.121
2.9885,2,2,0,1,34.14,240.233
0.9829,0,5,1,5,47.56,229.263
0.2432,0,2,2,3,40.46,118.176
1.9507,2,6,3,5,118.36,433.964
3.2043,2,5,2,8,54.38,308.447
7.6493,0,4,2,5,100.9,556.784
1.4879,3,9,0,6,97.35,420.853
-1.895,1,7,1,4,102.37,350.4
1.36602,2,5,2,3,98.22,253.283
2.1081,1,1,0,2,17.07,154.596
3.915,2,3,0,7,27.05,256.349
0.4154,0,1,0,6,9.23,190.331
4.4526,2,4,0,10,38.77,383.532
5.2702,0,0,0,0,0,364.914
5.3315,3,4,0,6,44.76,326.288
3.5545,2,3,2,7,75.63,361.825
4.1531,0,2,0,3,6.48,316.533
-0.4883,0,2,2,0,49.33,75.067
2.5303,0,6,1,9,97.3,315.694
-1.629,2,14,7,8,279.13,507.182
3.28202,2,4,2,6,63.25,299.374
2.3628,0,6,2,8,110.8,344.408
3.5362,0,1,0,14,9.23,302.547
-1.0602,1,6,3,2,104.55,307.1
-2.1214,1,8,1,5,129.67,382.419
2.6949,2,3,1,5,27.63,265.36
2.0581,0,3,0,4,27.69,202.294
3.5175,3,12,3,8,171.17,824.972
2.3659,1,5,2,12,59.95,325.449
-1.2766,2,8,0,2,74.29,279.3
2.1769,3,6,1,5,76.72,349.316
3.3174,0,5,1,3,80.67,390.52
1.8746,0,3,0,5,38.66,117.148
1.7846,3,8,1,4,106.95,383.408
3.0839,2,2,0,0,6.48,264.372
5.9472,0,3,0,3,35.53,408.582
2.3319,1,2,0,3,12.36,163.245
1.9263,1,3,1,0,44.7,256.092
2.0847,0,3,2,5,41.49,229.364
2.243,1,3,1,8,38.69,224.3
3.37692,2,4,0,6,24.94,340.467
2.87494,1,1,1,1,20.23,258.385
0.8291,0,1,0,1,9.23,80.514
2.346,2,3,1,1,59.3,261.252
1.73442,2,7,3,7,133.64,449.533
0.3157,2,9,4,4,122.97,398.349
3.7232,2,5,1,5,83.21,316.382
3.33494,2,3,3,7,77.23,398.482
5.95092,2,5,1,8,63.05,513.677
4.0405,3,3,1,3,50.44,280.323
0.22442,1,4,0,1,70.34,167.14
-6.26476,2,18,0,17,303.48,630.396
3.809,3,5,1,4,48.47,412.946
3.59042,3,6,0,4,64.16,410.493
1.7913,0,0,0,1,0,122.993
1.29692,2,4,0,2,44,216.24
3.6119,2,2,0,1,34.14,301.139
4.5347,3,2,1,4,54.37,302.329
1.1399,1,3,2,3,67.43,234.255
-0.1251,0,2,2,1,26.02,77.152
4.5306,2,2,0,6,12.47,309.453
2.3539,2,3,2,8,41.49,271.36
1.1411,0,3,2,5,58.56,189.255
2.31562,1,3,2,3,75.27,296.392
2.9153,2,5,3,6,124.68,484.578
1.7379,1,3,2,4,75.27,276.745
2.0386,3,6,2,3,101.45,404.348
1.8036,0,2,2,6,40.46,174.284
-0.5046,1,6,2,2,90.37,211.221
1.9758,0,1,0,10,9.23,246.439
4.9116,3,2,0,6,12.47,305.421
7.39568,3,5,1,8,71.35,502.92
4.2549,3,3,0,2,34.89,319.191
-3.255,0,6,5,1,116.17,179.172
1.3584,0,0,0,1,0,54.092
-0.2926,0,4,4,9,64.52,204.314
3.3685,2,6,0,6,59.08,414.527
1.6215,0,1,0,2,17.07,100.161
3.0356,2,2,2,2,57.53,250.2
7.049,3,6,1,18,88.85,556.769
3.4657,0,1,1,0,20.23,222.372
3.1012,2,3,2,7,58.56,313.397
-3.0446,1,15,11,18,365.67,994.208
2.3659,0,1,0,11,9.23,260.466
-0.1565,0,2,2,3,57.53,104.105
2.6986,1,1,0,6,13.14,196.314
3.7277,0,5,0,8,18.46,260.386
1.568,2,7,0,2,91.76,388.815
3.6444,0,0,0,0,0,290.832
1.9007,0,14,5,7,180.08,748.996
1.87062,2,3,1,2,54.98,202.213
4.3968,2,2,1,4,46.53,310.393
7.5701,4,3,2,4,61.44,557.738
1.48912,1,3,1,2,66.48,268.338
3.5098,1,1,0,5,3.24,276.605
0.9407,1,7,5,7,156.27,475.523
1.9047,1,4,3,8,106.94,388.464
4.2039,4,10,2,10,145.65,551.625
6.4554,1,0,0,15,3.88,304.542
3.7496,2,1,0,5,3.24,239.362
5.93862,3,4,1,4,50.16,463.796
5.9724,3,4,1,9,37.39,399.966
2.1965,0,0,0,0,0,84.162
3.8186,2,2,0,5,16.13,274.795
4.8286,2,2,2,4,40.46,268.356
1.402,1,3,1,4,41.57,268.744
0.5,0,4,5,9,138.53,319.231
-1.5232,1,7,1,3,122.46,300.296
1.1814,0,2,0,2,6.48,192.306
0.5021,1,5,2,4,67.79,265.309
0.9834,0,4,2,6,104.64,218.253
0.5379,1,2,2,2,58.2,218.256
4.3305,1,2,1,5,23.47,301.474
0.8538,0,4,0,8,44.76,318.458
-0.2665,0,3,2,1,49.33,133.172
2.5416,2,2,1,1,37.38,214.268
1.0816,1,1,0,0,12.89,79.102
-0.3151,0,1,1,2,20.23,104.173
3.892,2,2,1,1,41.46,349.615
5.3077,3,2,1,3,41.99,343.213
0.79902,1,6,2,5,113.57,272.696
3.43302,3,7,0,4,72.61,455.971
1.422,0,3,0,3,27.69,174.24
3.4085,0,4,3,10,86.99,352.471
3.3588,2,3,0,5,27.05,230.311
-5.8936,2,25,6,14,416.29,786.275
3.6042,2,6,2,12,60.86,414.594
-8.8953,0,19,13,9,353.11,614.65
2.7015,0,3,2,9,58.56,245.363
4.3923,2,2,0,8,6.48,322.496
2.9014,4,6,2,2,100.88,336.299
4.1124,3,5,0,5,65.49,361.397
4.5181,3,4,3,8,90.65,421.468
4.3319,1,1,0,2,3.24,243.394
2.9658,0,2,0,5,18.46,186.295
4.9878,0,7,1,6,106.97,570.698
4.7691,0,2,2,12,57.53,298.467
1.988,3,7,5,1,131.36,302.238
0.3684,0,2,2,5,32.26,117.192
2.3202,2,6,4,6,148.65,343.295
4.6024,2,4,0,6,47.36,376.671
8.6826,1,3,2,14,57.53,606.782
2.72624,1,2,1,2,32.34,246.354
3.9103,2,4,0,4,58.59,305.29
-0.5996,0,3,2,4,83.47,181.213
1.6777,2,2,2,3,51.04,190.246
2.4482,0,3,0,5,27.69,216.321
2.8045,0,4,2,10,90.65,288.388
2.5085,0,0,0,0,0,197.381
0.4029,0,1,2,2,57.53,144.494
5.9961,3,2,0,8,12.47,371.524
-2.1519,2,9,5,4,180.02,348.208
4.2973,1,4,0,9,32.78,374.569
2.9161,2,5,1,4,60.17,295.77
6.7324,4,3,2,6,44.37,543.736
1.5956,0,2,0,3,26.3,130.187
2.617,1,4,1,8,41.57,264.369
3.7647,3,6,0,4,89.98,443.455
3.2288,0,2,0,3,6.48,276.468
3.4647,2,6,1,7,81.93,369.469
-1.1813,1,6,2,4,111.22,230.225
2.9568,2,4,4,7,72.72,301.386
5.84222,1,7,4,13,133.52,590.798
4.87188,2,2,0,4,27.96,293.414
3.81298,2,3,0,5,36.26,324.399
2.24562,2,4,1,4,39.6,297.402
-1.5338,1,7,3,2,110.6,227.22
0.69942,1,5,1,4,81.19,219.628
2.7771,2,4,1,1,48.14,234.202
9.20852,2,1,1,18,29.1,473.745
3.9624,1,2,1,5,23.47,311.469
-2.0712,0,6,4,11,155.68,292.244
4.9722,1,4,1,3,57.61,433.592
-1.9709,2,8,4,5,139.28,255.234
4.9219,0,2,0,1,34.14,370.92
7.641,0,1,1,5,20.23,396.659
2.0587,0,0,0,0,0,92.141
-4.792,0,6,2,3,120.72,148.07
2.5529,0,0,0,0,0,153.823
1.7496,1,2,1,1,15.27,196.681
1.067,2,8,2,10,143.75,480.538
2.40832,3,3,1,2,53.92,294.358
2.89972,2,4,0,5,28.6,311.429
2.6804,1,4,1,6,50.8,371.275
1.5132,0,1,1,2,20.23,144.601
2.3501,2,3,3,2,69.56,229.235
0.4492,0,4,2,5,104.64,204.226
-1.4543,0,5,4,4,84.16,219.281
4.5347,2,3,1,6,40.54,420.322
5.0053,0,8,0,12,36.92,384.487
4.3689,1,3,0,6,35.53,311.592
3.5095,0,1,1,9,20.23,172.312
0.9446,0,2,0,3,34.14,114.144
3.813,2,3,1,5,63.6,318.756
2.2288,0,3,2,6,41.49,241.375
-1.3785,1,8,7,10,179.66,777.088
7.274,2,0,0,1,0,360.882
0.6879,1,3,1,3,83.66,255.665
4.33542,2,15,6,4,220.15,822.953
0.46168,0,2,0,2,27.03,98.149
2.65912,1,3,1,2,24.92,252.408
0.1071,0,5,1,1,71,219.266
-1.5606,0,5,1,3,77.43,170.211
-8.5645,0,19,14,9,321.17,645.608
4.9268,1,7,1,4,93.81,538.584
7.3887,0,1,1,5,20.23,386.664
3.9242,0,3,3,15,66.48,299.499
1.837,1,1,1,3,12.03,149.237
2.1276,0,1,0,2,9.23,182.063
-2.6051,0,6,3,2,110.05,175.116
4.4174,0,4,0,8,26.3,242.346
0.2154,0,2,2,1,50.41,131.204
3.8598,3,4,1,4,72.56,366.142
2.4232,0,1,0,2,9.23,200.053
2.3681,0,6,5,7,144.16,515.713
2.835,2,4,3,8,109.49,362.451
-2.6668,0,6,4,1,90.15,195.216
3.135,1,1,1,2,29.1,256.132
4.0557,0,3,1,1,54.37,364.913
0.5302,1,5,2,6,91.01,241.243
3.9379,1,5,0,4,40.58,322.537
2.65916,3,5,0,3,78.29,285.31
0.6633,2,6,2,3,87.46,320.324
2.22452,2,3,2,2,68.01,227.267
2.06628,1,3,0,2,52.28,222.679
1.9197,0,3,2,6,58.56,217.309
-0.1768,0,1,0,0,30,17.007
7.13834,3,5,5,8,152.19,582.701
3.8782,1,6,0,8,55.84,393.854
4.1031,0,5,1,4,80.67,466.977
-4.4698,0,14,10,18,272.64,542.535
2.8656,2,5,1,7,77.52,362.813
2.28752,2,5,0,4,37.19,325.46
5.7047,0,3,3,6,60.69,416.646
-2.563,1,8,4,2,130.83,243.219
3.891,2,5,0,5,46.61,373.449
5.5497,3,4,3,5,92.35,464.831
2.12242,2,3,1,3,51.46,233.267
0.4492,0,2,1,1,46.17,141.17
-2.1051,0,4,4,3,153.52,184.207
5.2119,3,3,1,6,50.44,356.849
9.1799,4,3,2,5,44.37,669.505
4.9319,2,2,0,6,12.47,329.871
4.1894,0,2,1,1,37.3,300.442
4.60448,2,3,0,9,21.7,355.522
2.4463,2,3,0,4,19.37,267.376
3.5164,2,5,0,5,55.32,363.336
3.12424,2,1,2,1,44.89,238.29
6.0138,0,3,0,6,43.37,410.598
4.59,2,3,1,3,46.92,396.594
0.7031,0,3,1,4,49.77,175.228
5.0906,0,3,3,5,60.69,412.614
2.6996,3,6,1,5,110.76,459.506
4.7014,0,5,0,5,77.51,478.988
-1.8324,0,0,0,0,0,25.656
0.8768,2,7,2,5,116.43,310.335
3.0367,2,5,3,7,120.5,473.599
4.2114,0,2,0,8,26.3,230.288
2.1955,1,3,1,7,74.68,285.365
1.7634,2,5,2,1,62.2,292.14
4.9977,0,4,0,2,60.44,418.961
1.41762,2,4,2,4,67.16,231.255
4.335,2,5,2,4,75.99,366.413
4.32422,3,3,0,1,30.18,325.774
2.0445,2,6,2,4,97.97,298.393
1.1689,0,1,1,3,20.23,88.15
1.5702,2,5,2,6,82.78,304.346
1.26922,1,4,2,5,104.64,252.27
-0.4118,0,2,2,3,32.26,89.138
3.5304,2,3,0,7,21.7,311.425
4.2116,3,9,5,14,171.22,704.869
3.0857,2,6,0,8,43.4,386.492
3.9274,3,5,1,5,81.54,344.754
5.5442,4,4,2,7,91.92,489.931
3.66352,2,3,2,6,54.02,283.375
5.9927,0,1,1,13,37.3,302.458
2.4028,2,7,3,11,131.19,505.637
2.4247,2,5,2,5,109.93,362.407
1.4085,1,4,1,2,41.93,253.323
2.9507,2,3,1,1,50.46,299.761
0.6348,1,5,4,5,81.95,309.406
5.2797,0,2,0,1,34.14,340.507
3.68534,2,4,0,6,24.94,354.494
2.32162,1,2,2,5,41.13,220.316
2.3668,0,6,2,2,93.06,452.494
3.5582,0,4,2,15,40.46,294.526
2.0853,1,3,1,3,38.33,233.311
0.7523,0,1,0,1,20.31,111.144
-0.70908,1,5,2,2,84.32,224.216
8.35576,1,6,1,18,82.06,574.843
2.0616,1,2,0,2,23.55,244.338
2.5166,1,3,3,3,95.5,613.915
3.12852,3,4,0,2,39.82,293.37
2.84042,2,4,2,4,47.86,281.359
0.6205,0,6,4,2,115.06,394.439
2.4404,0,6,4,10,124.29,424.534
0.27952,3,9,2,6,155.07,443.415
3.9132,3,9,0,10,113.91,498.919
3.14514,1,2,1,2,24.39,244.382
4.281,3,5,2,7,88.76,447.89
3.7691,2,4,0,3,34.59,328.437
1.0622,0,5,0,14,61.83,362.511
0.7452,1,5,2,0,70,301.342
4.139,2,3,0,7,27.05,258.365
1.7656,0,1,0,3,17.07,100.161
2.9013,0,4,2,1,74.6,364.457
5.188,2,2,0,3,3.24,315.869
0.7592,1,2,0,4,40.13,163.196
3.8497,3,4,2,2,45.15,274.32
1.5275,2,6,0,3,50.72,298.346
4.0453,0,2,1,1,37.3,300.442
1.821,2,5,3,3,118.36,401.897
1.58914,1,2,2,2,55.12,192.262
1.9959,2,3,1,2,54.37,252.269
1.3435,2,2,3,2,70.91,243.31
2.8457,1,2,1,7,32.34,260.381
3.2422,0,2,0,7,26.3,196.29
2.6092,2,3,1,1,35.83,284.746
4.43,0,6,1,4,80.67,500.579
4.7871,3,5,1,6,59.42,359.472
3.5381,0,8,4,3,117.84,576.771
2.3953,1,2,2,0,40.46,166.22
0.42152,2,8,2,5,151.68,381.37
2.3115,2,4,2,4,97.16,272.264
-0.7926,0,1,1,3,44.71,88.13
6.3013,0,0,0,0,0,276.508
-2.0518,0,3,3,0,60.69,61.833
4.083,2,3,1,7,38.33,351.368
1.7178,3,9,1,4,112.27,451.483
9.029,4,14,0,28,144.9,1029.278
-0.7231,0,3,1,1,72.89,137.051
6.15784,4,13,5,2,198.38,785.891
1.7768,1,7,1,8,149.68,346.365
5.1044,2,2,0,6,12.47,343.898
3.3014,1,3,1,1,54.37,256.301
2.6292,2,6,0,5,70.19,279.321
6.45764,3,4,2,8,128.58,560.654
2.95694,3,5,0,2,40.16,328.417
2.1801,1,4,1,6,49.77,291.391
1.3018,1,4,2,6,81.78,239.271
2.0156,2,6,0,4,73.85,250.283
1.99502,1,0,0,0,0,92.141
5.107,3,2,0,6,6.48,368.524
2.71392,1,1,0,1,3.24,187.286
-0.1683,1,12,2,9,189.06,510.481
0.4539,1,3,2,6,67.43,250.298
4.1864,1,5,3,13,86.99,432.601
1.9758,0,1,0,10,9.23,246.439
4.4274,1,6,3,12,96.22,500.554
1.3308,2,5,1,2,62.91,261.277
-1.3975,1,14,4,9,219.93,575.632
2.2193,0,7,3,6,138.2,474.55
1.9807,0,3,1,10,38.69,204.31
5.7156,2,4,0,6,26.3,310.38
2.9515,3,6,1,9,70.47,447.583
4.8593,2,4,1,7,44.81,448.394
1.0319,0,3,0,2,27.69,160.213
3.8237,3,5,1,4,81.7,401.418
1.8933,1,1,1,0,12.03,147.221
6.6814,3,2,1,4,46.53,412.529
3.5519,3,7,0,10,55.53,470.017
3.6538,0,5,0,9,35.53,258.345
-3.0115,1,8,4,3,143.72,244.207
3.7296,0,5,2,12,83.83,380.525
1.925,1,3,2,8,66.56,305.205
2.08764,1,3,1,2,41.57,222.288
-0.8208,0,2,2,0,24.06,86.138
3.6903,2,2,0,2,20.31,303.405
2.0374,2,5,2,6,54.38,290.388
4.0286,5,7,2,7,118.81,440.463
2.2456,0,13,8,7,267.04,822.942
2.6958,2,2,1,0,38.91,198.269
4.9861,2,2,2,3,66.4,351.446
1.979,1,1,1,2,20.23,166.244
2.5768,3,5,3,1,90.9,270.24
1.205,1,3,1,4,44.48,181.235
2.7597,1,3,0,4,32.78,250.342
1.0726,1,3,1,1,47.61,162.192
1.2539,0,4,1,5,59,245.319
4.1066,2,6,1,5,71.11,427.526
2.3102,1,3,2,6,67.43,276.336
7.1244,3,3,2,4,73.12,663.08
9.1517,3,2,1,10,23.47,528.951
1.4621,0,4,3,7,106.94,340.42
4.2891,2,3,0,4,39.19,289.762
4.241,2,3,0,2,6.48,296.439
2.2147,2,5,0,5,33.53,302.422
2.605,3,9,1,8,116.94,483.375
1.503,1,4,0,2,86.28,168.108
0.2654,0,4,0,9,52.6,290.404
2.4395,0,1,1,1,20.23,156.269
1.01549,2,3,2,0,57.36,152.182
2.314,1,3,3,5,77.76,224.256
0.1505,1,6,4,4,132.96,363.395
5.1601,4,5,1,5,63.99,425.513
0.7355,0,2,0,1,26.3,100.117
3.61994,1,5,0,3,103.35,294.307
2.55464,2,6,0,6,58.44,376.935
2.9839,1,4,2,7,73.8,398.482
0.6333,0,2,2,4,40.46,132.203
2.0525,0,7,1,6,80.59,352.431
4.1167,2,2,0,6,12.47,334.257
2.3476,3,7,2,2,101.65,392.411
5.7224,0,16,4,10,241.96,1030.303
1.8064,0,0,0,1,0,58.124
-1.515,0,12,8,4,206.6,584.659
2.2732,0,0,0,3,0,295.394
2.3447,1,1,1,2,20.23,136.194
3.2135,1,4,1,2,80.67,348.42
3.2414,2,4,2,11,58.56,341.451
-0.7977,1,2,2,0,65.72,130.078
4.3641,2,2,2,4,49.33,296.153
2.5925,0,8,4,16,146.05,500.629
0.2032,0,4,2,5,104.64,190.199
0.28088,0,2,1,0,44.02,85.106
4.5195,2,3,0,9,27.05,284.403
4.9292,3,3,0,7,27.05,306.409
4.9906,2,2,1,3,41.99,383.584
3.4564,2,3,1,5,35.58,375.875
2.9792,0,3,0,5,27.69,230.348
4.639,0,12,3,7,178.36,804.031
3.9629,3,3,1,6,48.99,341.48
-0.2859,0,4,4,8,129.72,270.285
-7.3327,0,13,2,22,206.77,504.517
1.4504,0,4,0,0,36.92,176.212
0.08022,1,4,3,2,73.58,169.18
2.2581,1,1,1,1,20.23,230.331
7.619,0,1,1,6,20.23,384.648
6.7895,0,3,3,6,60.69,524.586
2.7002,1,2,1,2,46.53,221.039
2.88332,2,3,2,4,54.02,255.321
2.7317,1,5,1,5,62.13,344.455
1.4807,0,6,0,5,71.06,224.149
3.0559,2,4,1,8,35.94,374.912
1.989,1,1,0,2,17.07,134.178
-0.0288,1,8,6,5,168.66,789.099
2.7113,2,4,0,6,19.37,261.394
6.1085,0,1,1,15,37.3,282.468
3.9427,2,5,1,6,29.95,403.979
-3.4933,1,15,12,15,376.67,980.181
5.1792,3,4,2,6,48.39,355.869
1.55317,1,2,1,1,47.4,223.663
-0.6254,0,1,3,3,102.78,157.221
3.91752,2,2,0,4,16.13,278.399
1.1261,1,4,3,8,106.94,348.399
6.77544,3,5,2,2,83.83,698.021
3.4292,2,4,1,0,36.86,313.788
2.0865,2,4,0,4,36.44,281.359
2.80164,2,3,2,3,54.02,255.321
3.7219,2,4,0,6,24.94,360.885
3.9495,0,5,1,6,72.83,390.52
2.0816,2,6,3,3,100.59,392.406
0.5399,2,6,1,2,102.43,330.345
3.08132,3,7,1,4,84.39,426.492
6.223,0,0,0,0,0,545.546
2.3617,3,6,0,5,45.78,371.872
4.4256,2,3,1,6,40.54,375.871
3.8682,2,2,0,1,34.14,290.24
0.2066,0,4,2,5,104.64,214.221
5.1796,2,1,1,2,12.03,306.236
2.2289,2,7,1,4,111.43,307.287
2.4318,3,9,3,9,125.39,483.96
0.6924,1,2,2,3,38.05,136.198
1.7982,0,5,0,4,49.85,298.408
-2.9463,0,5,5,4,101.15,152.146
3.3327,0,2,1,0,37.3,294.394
0.3506,1,4,4,3,72.72,183.207
3.7219,2,4,0,6,24.94,360.885
4.6555,3,6,1,8,62.3,429.973
1.6007,1,2,2,2,76.76,231.086
2.1737,1,1,2,1,36.42,230.098
3.0288,2,5,2,7,117,409.486
5.29062,3,3,1,4,52.65,427.548
2.756,0,1,0,12,9.23,274.493
-2.6846,0,8,5,16,196.22,393.349
2.85074,1,3,2,2,44.62,260.381
3.7004,4,6,1,4,85.08,419.384
0.2069,0,3,3,2,20.23,124.23
3.1102,1,2,1,3,46.53,255.484
1.4179,0,4,1,9,69.39,215.293
7.8008,0,1,1,5,20.23,412.702
5.857,4,3,1,7,41.03,461.556
0.6481,1,12,3,9,153.45,645.746
1.9697,2,4,0,3,53.09,351.406
3.3532,4,5,2,5,78.82,425.92
4.2719,1,2,0,4,12.47,303.49
0.4144,0,6,4,10,151.26,334.325
1.74,2,5,2,2,94.55,318.304
-0.1102,2,5,3,2,120.86,233.187
1.0904,1,2,2,1,57.53,138.122
1.3958,0,1,0,4,3.24,156.056
3.9299,1,4,1,5,55.4,333.453
3.0909,3,4,2,6,88.4,416.474
4.2755,2,3,0,8,29.54,339.479
4.1711,3,10,1,8,117.78,608.688
2.99,2,5,0,7,37.83,341.455
3.945,0,0,0,1,0,176.303
0.7868,0,1,0,2,3.24,107.584
3.8619,2,3,1,5,55.76,313.136
1.8411,3,7,3,5,126.65,370.847
1.5833,2,5,2,3,74.57,331.347
2.06628,1,3,0,2,52.28,222.679
3.1259,0,6,2,4,100.9,464.986
-0.0531,1,5,5,4,115.81,226.232
2.2186,2,6,2,3,97.97,312.42
2.0925,1,3,0,0,32.78,334.419
9.7608,7,6,6,4,138.28,680.764
2.3589,1,6,1,8,66.02,309.362
6.2625,0,13,2,7,149.83,857.091
-1.1671,0,3,2,2,80.39,125.149
-0.4715,0,3,1,1,58.66,90.082
1.9388,2,5,3,7,113.6,425.894
-1.1725,1,10,4,7,201.58,435.44
0.8361,0,2,2,2,63.32,157.213
7.1816,4,3,2,7,61.44,543.711
4.6486,1,1,0,4,3.24,273.464
1.9161,2,3,2,2,68.01,213.24
3.7697,2,3,1,4,46.53,392.519
2.8843,3,6,1,7,86.33,383.376
1.9886,1,6,0,2,65.07,369.417
3.6368,0,6,2,6,100.9,476.585
-0.2108,0,2,0,1,26.3,60.052
0.4449,1,5,3,4,112.73,347.396
-0.1718,1,9,4,5,158.21,395.422
6.35584,5,7,2,6,97.62,529.526
-1.8123,0,3,4,4,139,175.144
2.5125,1,1,1,5,4.44,282.549
3.4487,0,4,4,4,97.99,408.579
5.16,2,3,0,3,43.37,348.508
3.4853,2,4,1,10,54.46,343.471
5.1778,0,2,0,2,34.14,326.48
2.0834,2,4,2,3,92.5,365.842
0.6163,2,4,1,2,86.19,212.23
2.3376,0,1,1,5,20.23,130.231
0.2848,2,6,1,5,121.83,360.262
-1.7562,1,7,7,5,148.07,257.246
0.39448,2,7,1,3,97.05,339.399
0.0505,0,2,2,1,67.48,115.136
0.9731,0,4,4,7,123.93,311.334
2.3659,0,1,0,11,9.23,260.466
-7.3539,0,21,11,15,314.83,736.714
0.5574,0,2,0,2,12.47,149.621
2.4835,1,4,1,4,66.84,329.805
1.776,1,3,2,4,67.43,262.309
2.4574,2,4,0,9,66.84,416.522
4.6391,4,4,2,5,70.67,386.48
4.2366,2,3,1,7,35.58,403.929
4.6592,1,1,1,0,20.23,266.338
3.0682,0,0,0,0,0,165.834
4.8811,1,5,3,12,86.99,338.444
1.4859,1,2,0,2,34.14,174.196
2.42192,1,2,1,1,23.47,229.323
1.9522,1,3,2,6,41.49,237.343
1.3747,2,2,3,2,62.04,176.219
-0.3652,1,4,2,2,120.32,270.719
4.43112,2,6,0,6,57.9,362.771
0.8898,2,7,3,3,100.13,338.381
1.9351,2,4,2,4,57.5,353.466
3.8659,2,4,2,4,76.66,300.314
1.884,0,2,1,5,41.57,261.089
1.3382,0,6,2,6,110.8,302.327
1.5857,0,1,0,9,9.23,232.412
-3.3788,0,6,5,5,118.22,180.156
-0.5804,0,5,4,6,110.05,276.391
3.0924,3,7,5,12,166.75,670.855
-0.58262,0,2,2,1,74.2,298.699
0.9854,0,1,0,1,17.07,72.107
1.2851,1,6,2,7,101.73,369.487
3.9756,0,5,2,12,83.83,394.552
3.6932,2,1,0,7,9.23,284.423
3.6637,2,3,2,5,66.76,320.772
3.0605,1,3,0,4,35.53,242.702
5.6828,0,0,0,0,0,409.782
2.7399,2,4,0,4,36.44,315.804
2.2576,0,1,0,1,17.07,152.237
2.96442,3,4,1,3,86.19,314.366
1.66392,1,4,2,5,81.19,209.249
1.2467,0,0,0,0,0,114.212
4.918,1,4,0,7,38.77,463.21
3.40602,2,3,1,3,37.81,225.295
3.3356,1,2,0,3,20.31,271.404
5.5408,4,6,2,8,98.78,501.514
0.8747,0,1,1,1,37.3,128.942
-2.4452,0,4,0,0,81.24,240.266
4.1955,0,5,1,6,72.83,404.547
-2.3839,0,2,3,1,75.95,172.208
-0.2929,1,3,1,2,81.59,231.231
4.7145,0,4,1,2,58.89,369.505
3.4011,2,2,1,5,54.37,254.285
1.5938,2,3,2,3,68.01,227.267
1.0537,0,5,1,5,73.86,223.165
1.78302,1,3,2,5,75.27,270.354
-0.6598,0,2,2,1,24.06,60.1
0.9739,1,6,0,3,98.18,225.16
0.6246,1,5,2,6,113.87,254.242
2.19162,2,3,1,4,59.3,257.289
0.7594,0,4,2,5,104.64,228.248
1.1618,1,4,0,3,44.12,208.261
-5.41812,1,11,0,8,187.55,338.253
0.9181,1,5,1,4,62.3,303.358
1.5822,1,4,2,3,50.94,211.334
2.318,1,4,0,2,55.73,247.225
5.0388,2,5,0,6,9.72,399.629
2.6983,1,2,1,1,29.46,180.247
5.2954,0,1,1,4,12.03,277.496
2.7403,2,5,1,9,45.17,384.52
1.3323,1,1,1,0,12.03,133.194
7.6344,3,3,1,10,28.16,456.461
2.683,0,5,2,7,101.93,329.393
-0.1188,0,0,0,0,28.5,15.999
-8.1611,0,15,12,9,336.43,581.58
2.52992,2,5,3,5,100.19,348.428
2.936,2,4,0,5,28.6,317.82
2.5477,2,4,0,2,75.81,313.288
3.5194,1,3,1,7,46.53,236.311
2.6584,2,4,0,7,28.6,285.391
3.7955,3,3,0,6,57.69,404.491
3.6566,4,7,3,8,129.81,446.511
4.487,2,3,0,4,6.48,298.455
2.42514,2,2,4,4,99.74,264.332
1.5199,0,7,3,2,113.29,410.507
-1.5575,0,2,0,2,40.13,117.148
1.9139,0,1,1,0,26.02,151.253
0.5715,1,2,0,1,33.42,181.215
3.83718,0,3,1,1,61.09,311.425
4.4105,1,1,0,1,17.07,244.378
3.3265,2,4,1,4,39.72,329.371
3.8957,1,4,1,9,49.77,359.51
4.1367,2,2,0,6,23.55,336.479
-0.2014,1,6,1,5,90.42,201.182
0.8665,0,5,1,5,64.63,213.195
1.8342,2,5,3,9,88.69,371.437
-0.0025,0,0,0,0,0,58.933
2.4459,1,8,4,13,179.56,679.863
3.7714,2,4,0,0,28.07,327.815
0.76592,2,6,1,4,84.54,311.363
6.1133,2,3,0,6,35.53,391.294
9.015,4,3,2,5,61.44,653.437
1.17428,0,4,2,3,76.36,303.406
2.77056,1,2,0,1,47.58,188.617
1.7859,0,1,0,5,3.24,170.083
0.7117,0,17,12,3,319.61,924.091
2.7195,0,6,2,7,110.8,488.173
5.8768,0,1,0,20,9.23,386.709
5.9696,0,4,0,6,60.44,428.613
2.6189,0,3,2,6,41.49,255.402
0.5025,1,8,2,6,79.74,316.427
3.0402,1,3,0,6,29.54,299.414
2.4055,1,1,0,1,3.24,173.259
-2.3435,0,4,0,2,80.26,142.11
5.69592,4,7,2,8,115.73,575.687
3.03312,3,2,1,1,37.91,212.252
2.9814,2,4,0,6,28.6,311.429
2.3098,0,3,2,7,58.56,231.336
1.6658,0,3,3,8,87.66,270.329
4.5952,0,2,1,1,37.3,318.501
5.3513,4,5,1,8,42.32,458.581
2.4208,1,4,1,6,55.56,270.76
1.8468,3,8,2,3,104.89,421.453
2.4909,2,6,1,7,71.53,357.435
2.5272,2,5,4,9,90.82,470.307
1.185,0,3,2,4,75.27,226.276
-0.2391,0,3,0,0,66.2,62.004
4.00822,1,2,1,5,46.17,336.646
8.84026,1,2,1,12,29.46,430.717
2.1639,1,2,0,5,16.38,167.252
1.14742,4,10,1,4,116.86,472.553
2.8654,2,4,1,5,50.94,291.782
-0.2373,1,3,2,1,82,137.142
3.0338,1,3,2,6,58.56,251.326
2.4568,1,2,1,3,46.53,221.039
-2.378,0,2,0,0,46.12,67.451
2.9289,0,3,2,9,78.87,288.388
3.4901,2,4,1,3,44.7,311.41
0.0986,1,8,3,7,148.26,427.46
2.169,0,9,4,22,170.75,541.579
-0.3132,0,3,3,4,94.83,162.141
1.4055,1,0,0,0,0,65.095
1.7658,0,5,2,2,91.67,358.434
3.7878,2,2,0,5,40.62,308.381
-0.3337,0,2,2,4,63.32,164.25
4.1232,0,2,1,0,37.3,330.855
1.4338,1,3,1,2,46.17,203.241
1.817,2,2,1,0,38.91,144.177
1.0626,0,3,1,2,52.32,141.132
2.3743,1,4,2,6,89.62,305.374
1.8884,1,4,1,3,49.77,275.348
2.4635,2,5,0,6,37.83,327.428
1.8387,0,3,2,6,41.49,227.348
0.9816,3,9,5,10,207.3,477.481
3.2486,2,4,3,5,88.69,403.385
4.1269,4,4,1,7,44.27,426.564
3.917,1,4,2,9,90.65,322.405
3.37342,4,5,1,5,72.8,366.446
4.0041,2,5,0,6,42.01,358.463
4.0179,2,6,0,7,53.72,313.315
2.7305,2,5,0,6,79.05,366.421
4.47762,3,8,3,12,144.31,598.77
4.9678,3,9,0,8,101.12,534.491
2.422,2,1,1,0,26.02,143.189
2.0119,1,2,0,0,34.14,172.183
5.3054,3,3,1,7,35.58,475.583
1.5214,1,9,0,6,62.58,302.339
2.6593,0,1,0,0,3.24,167.296
2.14932,3,4,1,1,59.29,240.266
3.0889,4,7,2,4,110.11,380.352
3.5413,1,6,0,7,44.76,320.372
3.3542,2,2,0,6,12.47,255.361
1.5359,1,5,1,6,82.06,266.249
1.5438,1,2,1,4,39.16,183.327
1.5602,0,3,0,0,12.47,199.319
2.0437,1,2,1,3,38.33,179.219
-0.2622,0,3,1,3,80.44,119.076
7.0339,2,5,0,2,93.4,971.659
4.7174,3,7,2,4,120.64,435.285
0.3466,1,3,3,3,83.55,181.191
3.8789,2,1,0,7,13.14,258.385
5.4065,1,3,1,2,40.54,429.604
3.8602,2,3,1,7,66.84,347.798
2.7291,1,4,2,4,75.27,328.459
5.4294,3,1,1,8,12.03,329.487
4.3753,2,4,0,6,24.94,395.33
-0.2901,1,3,3,2,75.35,166.18
2.68782,2,6,2,4,112.74,453.879
0.63672,1,4,0,1,60.96,141.13
-1.0622,0,8,0,4,123.2,236.136
3.8626,3,3,0,2,19.37,284.408
6.7118,0,2,1,5,37.3,400.647
2.7366,1,5,2,8,92.7,373.858
2.0293,0,1,0,2,9.23,164.966
-0.76928,1,4,3,3,109.32,186.167
4.11132,4,7,0,3,80.29,450.93
1.48442,2,3,0,1,26.93,188.23
5.68314,3,3,2,3,69.64,448.95
1.9908,3,6,3,4,118.21,581.673
3.7676,1,3,2,10,58.56,293.407
1.8891,0,5,0,7,52.6,246.29
5.6295,2,5,1,5,77.52,492.591
2.582,1,2,1,3,46.53,214.648
4.4414,1,4,0,7,32.78,386.58
1.0627,1,4,1,4,59.06,318.393
-2.7083,0,6,2,3,98.82,268.273
3.383,2,2,2,4,62.32,287.359
2.56652,1,1,1,1,20.23,244.358
4.3081,2,5,1,6,29.95,437.531
3.438,0,12,2,4,146.39,729.908
2.3375,1,2,0,1,20.31,241.334
2.2948,1,4,3,8,106.94,402.491
2.2233,2,5,4,9,90.82,344.411
1.9458,2,5,1,5,48.83,313.401
3.2726,2,3,1,5,44.7,359.832
0.26558,1,4,0,1,55.02,164.164
1.8957,0,5,3,2,94.83,392.467
-0.0764,1,6,1,3,113.28,200.154
1.8036,0,2,2,6,40.46,174.284
1.1641,1,4,2,6,75.99,238.239
3.01132,2,2,1,0,33.12,238.084
0.5534,0,2,2,4,40.46,130.187
-2.3392,0,4,4,3,86.71,121.136
2.8312,1,2,1,5,23.47,255.789
7.18,4,3,2,4,61.44,543.711
0.478,1,3,2,2,87.49,167.12
1.1901,1,3,3,8,81.14,263.385
3.9027,0,1,1,11,12.03,197.366
3.9074,3,4,0,2,51.56,303.152
2.5931,1,5,0,11,40.16,323.433
0.0684,0,3,1,2,75.76,117.108
-1.4367,2,10,4,8,171.37,354.367
-0.8278,2,7,4,2,130.05,277.284
5.8845,0,1,1,14,37.3,280.452
0.3606,2,6,4,9,124.44,384.245
4.6972,0,2,2,4,40.46,308.506
8.2933,2,5,0,14,32.78,588.78
1.36176,1,6,2,3,113.43,280.291
-7.3659,0,11,2,16,188.31,416.411
4.2432,2,4,0,7,39.94,372.149
1.5841,0,1,0,8,9.23,232.412
-1.2942,0,2,0,1,40.13,77.034
1.1942,1,5,2,5,68.82,294.351
0.7314,1,6,2,8,110.96,383.47
2.249,1,0,0,1,0,106.168
2.745,3,5,2,2,106.42,298.298
2.3744,0,6,2,3,100.9,416.514
-1.6633,0,4,6,4,161.31,235.069
1.6262,1,3,1,3,53.93,221.26
3.2243,0,3,1,1,54.37,314.425
1.9073,1,2,0,3,26.3,162.188
1.9281,1,4,0,2,66.92,354.337
3.8896,1,5,1,8,56.79,345.401
2.02944,1,2,1,3,35.25,179.263
1.4777,1,5,2,2,62.16,333.428
1.1772,1,3,1,3,30.49,179.219
1.0743,0,3,1,6,41.57,188.271
3.7077,2,2,0,0,16.13,290.41
3.9527,2,4,3,5,92.78,650.976
1.0821,0,2,2,5,63.32,159.229
2.6631,2,5,1,7,59.38,458.965
-0.2073,1,3,2,2,86.18,186.236
2.5724,2,5,2,4,85.25,290.323
-1.1386,1,4,3,2,120.9,263.037
2.2825,1,7,0,6,74.97,280.238
4.5753,0,4,0,2,60.44,384.516
3.4093,1,3,0,4,27.69,264.365
2.7324,3,10,5,6,164.82,753.941
6.433,1,4,0,14,52.6,390.564
1.356,1,12,6,4,178.61,673.8
3.1368,1,4,2,7,90.65,294.351
1.9458,2,5,1,5,48.83,313.401
3.1999,2,4,0,5,44.12,372.206
4.6182,0,1,0,0,17.07,490.639
2.9808,4,12,0,12,156.76,556.531
0.909,1,5,3,6,112.7,323.132
1.5545,1,4,2,1,46.94,326.44
4.68,2,4,0,6,52.6,360.837
0.1067,0,3,3,2,63.32,149.215
0.5901,0,2,2,5,63.32,131.175
3.6512,0,4,0,5,44.76,380.784
2.6072,3,3,3,5,99.26,370.792
1.3481,0,1,0,3,3.24,101.193
2.5906,2,4,1,4,39.6,317.82
-0.05678,1,4,2,2,120.32,284.746
-0.048,0,2,0,0,29.43,57.052
2.0882,1,6,0,6,69.64,385.512
2.914,0,3,0,4,35.53,184.147
-0.3838,0,5,2,2,76.71,185.227
1.771,1,2,1,2,46.17,217.268
3.4194,3,6,0,4,61.81,306.339
4.8173,2,3,0,4,18.84,357.501
3.2935,1,7,4,19,146.13,551.769
1.06322,1,2,2,3,40.46,166.22
3.3779,1,2,1,9,40.54,304.217
6.4955,2,0,0,2,0,354.491
6.0752,4,6,2,7,70,473.594
1.765,1,2,1,5,46.17,213.302
-1.2042,0,3,4,4,106.86,169.073
4.4436,2,4,0,5,23.55,326.465
0.6726,1,3,3,1,83.55,153.137
3.0721,1,3,1,2,46.17,263.362
2.0608,0,4,0,0,6.48,240.444
1.157,0,3,1,5,61.77,214.052
1.9435,1,4,1,4,69.59,305.374
4.1658,2,4,1,9,37.39,315.461
3.75244,1,2,1,7,32.34,276.424
3.7489,2,3,0,6,27.05,244.338
3.25394,2,2,2,3,66.4,269.3
0.5065,0,8,5,9,148.79,504.97
-3.10802,1,12,7,7,202.32,457.432
5.6792,2,2,2,8,24.06,391.386
2.09602,1,2,1,1,38.91,206.314
4.1254,1,4,0,6,46.61,357.494
1.0225,2,4,3,7,83.12,298.346
2.1609,0,4,1,3,55.76,257.437
1.71502,2,6,2,4,117.97,344.366
0.8528,3,8,2,7,128.18,386.255
3.2309,0,5,0,2,46.15,312.406
-1.0626,0,2,2,1,46.25,61.084
3.6612,0,3,1,10,70.08,316.442
0.3571,0,3,0,3,29.54,145.202
2.1976,2,3,1,6,56.41,335.473
0.3445,1,4,3,1,94.83,190.176
4.2711,2,2,1,4,19.03,314.498
2.8814,1,8,1,6,119.44,483.517
3.9454,3,4,2,9,86.71,422.506
-0.3744,1,4,5,4,148.18,283.113
0.4746,0,2,0,4,26.3,230.352
-1.863,2,10,5,4,186.07,347.224
5.9806,3,2,1,10,12.03,361.554
3.1938,2,4,1,6,39.72,313.397
2.81,1,0,0,1,0,120.195
4.8878,2,3,0,1,42.43,382.891
0.7594,0,4,2,6,104.64,216.237
1.5547,2,4,1,4,83.22,333.161
1.4422,0,13,7,6,196.99,740.928
4.435,2,2,1,6,21.26,309.331
1.01549,2,3,2,0,57.36,152.182
1.7516,1,1,0,3,3.24,159.232
2.4164,1,2,0,1,29.43,198.019
4.4059,0,7,1,4,99.13,532.649
0.6673,0,2,2,0,40.46,165.403
-0.2488,0,2,2,3,40.46,90.122
2.2325,1,2,2,1,57.53,212.632
-3.2007,0,12,8,8,199.73,475.587
2.6221,1,4,2,8,53.85,262.353
1.8677,1,5,0,3,55.84,303.358
3.8389,1,6,0,6,53.47,318.379
3.0294,2,2,1,0,58.86,252.273
1.9372,2,4,1,4,39.6,283.375
0.8055,0,1,0,7,9.23,204.358
5.2869,0,3,2,0,41.49,413.646
3.9346,0,2,0,0,26.3,250.382
-0.7311,2,9,7,10,219.84,473.446
3.3415,2,4,1,5,50.94,307.825
1.1865,1,2,2,2,72.19,257.087
2.3645,2,5,2,3,88.56,365.792
3.4407,1,4,2,7,59.59,414.346
7.26442,6,5,1,7,72.94,514.629
1.4696,1,3,1,2,63.6,218.208
3.72462,2,2,1,6,21.26,255.361
1.971,0,8,7,7,184.98,560.621
2.5996,1,2,0,5,20.31,205.301
3.831,2,4,0,6,24.94,405.336
2.4241,2,5,2,7,54.38,280.393
2.4549,2,4,0,5,28.6,297.402
2.8145,1,4,2,8,90.65,308.378
-1.0397,2,5,1,0,72.68,180.167
2.9505,1,5,3,14,104.73,440.606
-0.7285,0,4,2,0,48.78,154.198
2.0003,1,6,0,7,76.15,376.453
4.66492,1,3,0,1,35.53,300.398
10.5474,0,2,2,10,40.46,568.886
4.9379,0,5,0,3,69.67,428.569
0.19502,1,6,1,4,113.28,214.181
1.177,1,5,1,5,106.77,382.891
0.89977,1,2,1,1,47.4,189.218
2.6381,2,5,3,3,113.24,394.357
4.3655,2,2,1,4,54.37,356.418
5.5606,0,3,3,5,60.69,416.646
3.7219,2,4,0,6,24.94,360.885
2.4381,1,5,0,10,65.07,337.416
8.1043,4,3,2,5,61.44,583.776
2.9886,2,5,2,6,123.76,438.672
4.9434,2,6,1,7,52.19,480.649
2.0878,1,5,2,6,76.82,367.877
4.083,3,3,0,4,51.21,340.378
3.6212,0,4,0,4,6.48,296.552
1.395,0,1,0,1,0,262.727
-1.2438,0,2,0,0,40.13,59.044
4.29562,1,1,1,0,20.23,220.356
2.99,2,5,0,7,37.83,341.455
0.9186,2,7,2,7,141.7,433.462
-0.2083,0,2,2,2,74.6,118.088
2.16852,1,4,3,3,95.5,366.483
1.9458,2,5,1,5,48.83,313.401
4.4025,0,4,0,2,60.44,404.934
2.5892,1,1,1,0,12.03,195.693
1.0234,0,2,2,5,40.46,146.23
5.0414,2,3,0,7,35.53,346.854
1.399,1,4,2,6,90.65,290.319
2.5134,3,6,0,7,84.64,382.368
2.7048,1,3,1,3,74.68,331.821
1.7194,1,5,0,6,48,293.363
3.1245,0,6,0,1,82.2,414.498
3.5276,2,2,1,5,23.47,289.806
2.50182,2,4,2,4,63.25,271.32
-0.0176,2,12,4,12,145.44,504.636
3.0917,1,2,1,7,32.34,262.397
4.6265,0,4,0,2,60.44,406.95
2.78014,2,4,2,6,104.64,342.395
4.985,3,1,0,5,3.24,287.406
-3.1384,0,11,5,16,156.53,400.421
-0.3803,2,6,0,2,61.82,220.232
-5.5198,0,11,8,1,190.25,319.27
0.1588,0,3,2,2,75.27,184.195
0.5234,0,3,1,1,57.61,201.247
5.0262,2,2,0,2,15.6,386.801
1.4135,0,2,2,5,40.46,160.257
2.3375,1,2,0,1,20.31,241.334
2.9164,2,4,2,4,78.51,353.831
3.61302,1,5,0,5,27.69,278.335
1.0923,2,7,3,4,101.88,286.339
-0.2256,2,10,3,7,150.54,462.513
1.8503,1,4,1,1,41.93,287.359
1.67,1,4,2,2,66.76,356.442
4.2363,2,4,1,5,26.71,400.975
1.90297,2,5,2,6,88.2,287.319
-1.98,2,9,4,2,139.54,267.245
2.9048,2,4,3,5,91.32,339.392
2.034,2,5,2,6,54.38,266.366
4.9456,2,4,0,4,9.72,407.505
4.0437,3,3,0,3,19.37,317.436
-0.5359,0,1,2,0,24.06,102.162
1.6783,1,6,3,9,129.73,491.614
0.09637,0,1,0,0,23.79,26.018
6.1982,2,2,0,0,18.46,321.974
-1.03416,0,2,4,0,88.99,129.167
1.5482,1,0,0,1,0,313.149
2.9722,2,4,2,5,90.65,355.177
2.8736,0,5,0,7,35.53,230.291
0.5813,0,0,0,0,0,215.625
3.6057,1,3,1,6,63.6,303.141
1.8492,2,3,1,1,48.19,299.761
4.1115,2,1,1,8,43.09,353.53
-0.6178,0,6,2,1,91.82,294.303
1.4112,0,0,0,1,0,76.526
4.27918,2,5,1,2,84.7,437.152
4.32814,3,5,4,15,120,628.814
2.1183,1,3,1,1,47.56,221.256
2.9425,1,2,0,6,16.38,195.306
0.2924,0,1,1,0,26.02,75.136
2.4161,2,4,0,2,65.07,300.362
1.2782,1,2,1,2,38.91,166.249
-1.6852,1,6,3,1,104.55,246.194
2.6053,2,3,1,4,37.28,251.333
-1.1002,1,6,2,5,110.29,214.181
2.4071,2,4,1,3,55.12,260.318
2.32352,1,3,1,0,41.92,270.381
2.1461,1,3,0,1,15.6,204.298
3.25412,2,3,1,2,55.13,270.21
5.8775,0,11,0,9,111.22,745.995
1.9404,2,2,1,0,33.12,145.161
3.1397,1,3,2,3,86.71,627.942
0.71812,1,1,1,0,28.68,82.106
0.09202,1,5,1,3,81.19,171.156
-0.4718,0,2,2,4,57.53,162.209
2.8408,0,5,0,1,46.15,298.379
2.6209,2,4,0,6,42.16,245.326
0.9399,1,2,1,0,29.46,136.15
5.301,3,3,0,6,51.21,382.459
1.8121,0,3,0,4,27.69,188.267
6.142,3,1,1,6,12.03,357.419
2.98942,3,5,1,8,77.1,359.451
-0.3099,0,2,1,1,34.28,137.162
2.2759,1,3,1,2,80.47,328.821
2.64472,3,7,3,6,156.3,491.499
4.1318,4,2,2,2,55.92,314.412
3.433,0,4,4,12,97.99,368.514
1.79884,2,6,4,4,149.2,388.419
1.2086,1,5,1,2,106.51,184.107
0.8486,0,3,1,4,75.76,145.162
2.844,0,4,2,8,95.94,316.398
0.9618,0,1,1,0,0,248.7
3.0356,1,3,1,5,32.7,277.408
2.756,0,1,0,12,9.23,274.493
1.8036,0,5,3,2,94.83,374.477
2.6804,0,4,0,4,44.76,220.976
2.0811,3,6,3,4,118.21,583.689
0.0396,0,6,3,5,110.18,383.47
1.08269,1,2,1,0,20.72,114.173
3.789,2,3,0,4,21.7,323.436
3.821,3,3,1,6,53.17,382.529
2.9798,2,4,0,5,48.8,401.308
3.1003,1,5,0,7,44.76,308.361
2.5999,2,5,0,6,37.83,327.428
0.6766,0,1,1,0,29.1,113.16
3.1904,2,3,1,9,41.57,326.44
3.6144,0,3,1,1,54.37,328.452
2.9934,1,0,0,0,0,147.004
-0.171,0,1,1,3,20.23,116.184
3.6784,3,4,1,6,58.1,379.435
5.6964,2,2,0,6,22,311.469
5.16706,1,2,1,6,46.53,326.436
3.8317,0,3,1,1,54.37,362.897
0.5923,1,7,2,6,113.01,396.446
4.1643,0,4,0,14,66.43,293.449
5.2415,0,0,0,0,0,373.321
-0.4629,0,6,3,2,88.38,309.529
2.1218,0,8,0,9,71.06,330.364
2.90002,2,3,1,2,37.81,223.279
0.4264,3,8,3,1,142.76,243.23
1.5012,1,1,1,1,26.02,133.194
3.5995,2,2,0,7,29.54,283.371
3.3699,2,6,2,8,93.06,368.385
1.1956,0,1,0,8,9.23,218.385
-2.2574,0,4,5,0,122.27,133.111
3.3429,1,4,1,7,49.77,357.494
3.8384,0,3,1,1,54.37,330.468
2.0946,2,4,3,8,106.94,396.443
1.1223,2,2,3,3,79.11,204.229
-1.2548,0,3,3,4,86.63,133.103
1.15798,0,4,2,2,90.35,315.417
4.5802,2,4,0,4,9.72,373.953
3.874,2,3,0,8,25.36,312.457
1.305,1,3,1,2,44.48,179.219
4.3135,0,1,1,0,20.23,284.443
5.8856,2,4,0,4,6.48,370.587
3.7827,2,4,0,2,44.76,262.201
3.5171,1,4,0,7,32.78,346.515
2.0048,0,1,0,6,3.24,204.528
6.8283,0,5,2,5,117.97,570.767
4.1558,0,6,0,5,59.08,424.626
1.7714,1,2,1,5,46.33,246.354
2.93784,2,3,2,5,58.56,313.397
1.7636,0,4,2,5,104.64,258.318
4.2553,0,4,3,15,94.83,382.541
3.9589,3,3,1,4,55.12,330.746
1.3066,0,3,1,3,66.48,262.309
1.3045,0,3,2,6,41.49,201.31
3.8921,0,4,0,5,59.08,354.491
-0.33,1,5,2,1,109.57,273.248
2.5345,2,6,1,5,86.85,367.785
4.60028,2,5,0,8,68.55,357.381
1.3511,0,3,2,5,75.27,238.287
5.3257,0,4,0,1,43.37,402.6
2.8494,2,2,0,1,34.14,222.243
1.16598,0,1,0,0,23.79,69.107
5.2708,3,2,1,5,23.47,383.535
0.4043,1,5,3,6,103.7,356.227
0.8216,5,14,13,17,355.08,1096.347
3.8378,2,2,1,6,28.26,274.408
4.6575,2,1,0,8,13.14,286.439
2.6198,1,1,1,2,26.02,183.682
3.41324,3,15,4,3,168.72,761.85
6.0533,3,6,0,17,78.9,530.661
0.36232,1,4,1,1,94.3,275.351
5.182,1,3,1,5,49.77,440.411
-0.4569,1,5,5,3,124.01,213.189
6.6074,0,2,0,3,26.3,382.588
1.3212,2,3,2,6,65.2,295.408
-5.7788,0,0,0,9,0,148.27
2.3949,0,5,0,0,53.99,282.336
2.62,1,3,1,2,38.33,235.308
2.9767,0,0,0,4,0,100.205
2.352,2,4,4,6,72.72,287.359
3.8155,2,4,0,8,24.94,358.457
4.0189,2,2,1,0,24.92,310.828
2.2038,0,2,0,2,26.3,140.094
6.201,2,4,2,10,93.06,468.59
3.1013,2,3,2,1,61.69,321.163
0.8934,1,2,2,2,46.25,137.182
1.4136,2,4,2,2,65.2,303.387
1.51702,1,5,1,2,106.51,198.134
3.0602,0,4,0,4,44.76,250.618
2.23282,1,2,0,2,12.89,161.657
3.5227,0,6,2,6,100.9,446.584
-0.3217,0,3,1,1,75.76,103.081
3.1928,2,6,3,5,118.21,654.606
1.7674,1,4,1,6,55.56,236.315
-0.3834,0,3,1,1,46.53,188.247
4.6276,3,3,1,5,40.51,440.95
3.3725,3,4,3,2,78.79,333.343
4.17002,5,11,2,10,162.16,558.595
2.6201,1,3,1,4,47.56,275.348
3.8868,2,2,0,4,12.47,281.399
3.0897,2,6,2,5,86.38,476.573
2.3934,1,4,2,11,50.72,307.434
-0.1114,0,4,0,2,52.6,144.126
4.4779,0,3,3,4,77.76,392.58
2.0098,2,5,2,1,90.71,256.096
4.3868,2,2,1,5,46.53,304.773
3.9598,2,2,0,2,3.24,263.793
2.297,1,3,0,3,51.21,230.263
2.71412,2,4,2,2,92.5,365.842
3.8665,0,2,0,5,6.48,304.522
2.1293,1,2,1,3,29.46,164.204
-0.3538,2,3,2,0,74.43,136.114
2.2609,0,2,0,3,26.3,160.153
4.5049,2,1,0,4,3.24,293.454
1.7955,0,2,0,2,18.46,144.214
0.1805,1,2,1,1,55.98,122.127
-2.8519,1,7,4,2,124.78,244.203
4.6719,0,4,0,2,52.6,398.543
2.7851,0,3,1,5,37.3,206.332
2.7168,0,6,2,4,93.06,430.541
-0.857,0,8,5,7,122.49,406.545
3.5183,2,4,1,5,68.65,311.696
3.1939,2,4,2,8,71.68,451.615
3.5884,2,4,3,5,76.38,303.337
2.3179,0,2,0,4,26.3,168.236
3.1505,2,1,1,0,12.03,221.303
3.68534,2,4,0,6,24.94,354.494
0.9722,1,2,2,1,38.05,108.144
-7.0204,0,0,0,7,0,120.216
4.5284,2,2,0,4,6.48,314.86
-1.789,0,3,1,2,77.43,103.053
8.1367,5,3,2,6,44.37,607.823
3.1422,0,4,2,2,74.6,410.913
3.09582,1,3,2,3,75.27,324.446
1.4656,0,3,0,6,56.33,286.253
0.0182,1,2,1,1,64.24,139.11
0.3486,0,5,3,4,112.73,349.412
0.0166,0,1,0,0,12.53,44.053
4.8439,0,2,0,4,20.31,304.67
5.7372,5,0,0,0,0,252.316
5.14,3,2,1,8,29.46,428.596
4.07,3,4,0,2,48.67,322.36
2.8625,1,4,0,5,38.77,275.348
5.7361,2,5,1,12,82.06,450.531
2.9584,2,4,1,5,47.94,414.912
1.2165,1,2,1,2,43.09,149.193
3.0887,1,1,0,7,13.14,210.341
8.6443,3,2,1,10,23.47,500.432
1.42302,2,4,1,2,72.19,232.239
2.4466,0,3,0,4,27.69,216.321
5.088,3,3,1,7,43.78,477.048
3.99248,2,4,1,3,76.44,464.444
4.8444,0,5,1,9,58.89,359.919
2.2332,3,11,8,3,197.37,458.375
6.7729,0,1,1,15,37.3,330.512
9.11352,3,8,0,19,90.46,664.907
2.3296,1,0,0,1,0,104.152
2.858,2,3,0,2,43.37,252.269
4.3338,3,3,0,4,21.06,325.843
6.5626,3,2,0,9,12.47,405.969
1.3783,0,3,1,4,58.53,241.336
1.5276,2,3,2,4,86.18,254.289
5.2598,2,3,0,4,6.48,352.425
0.23918,0,3,0,1,50.09,111.1
3.501,2,4,2,7,75.99,344.407
1.3703,0,2,2,3,63.32,171.24
5.5103,0,1,1,5,20.23,286.459
4.3234,2,6,0,6,54.9,399.516
6.66242,2,2,0,5,26.3,422.874
3.7375,2,4,1,5,32.7,329.465
3.6148,2,3,0,5,35.91,373.859
3.17834,2,1,1,2,28.68,200.285
9.015,4,3,2,5,61.44,653.437
3.1482,2,4,1,8,53.01,388.895
1.9542,1,4,2,3,78.51,337.445
3.24884,3,3,0,3,37.61,307.397
2.54872,2,6,2,4,112.74,435.889
2.2271,1,1,1,3,12.03,163.264
1.9891,1,4,2,9,50.72,265.353
5.76304,4,0,0,0,0,256.348
1.2451,0,0,0,0,0,64.515
3.8826,1,2,1,2,23.47,285.431
2.0096,0,4,2,8,104.64,260.334
6.4126,0,3,2,1,74.6,470.694
7.5013,0,1,0,12,17.07,330.556
1.248,2,4,1,2,81.59,313.72
2.5731,2,5,2,9,95.94,424.497
1.4517,1,4,0,2,60.96,169.184
3.1142,2,4,2,6,90.65,314.341
2.3218,0,1,0,0,17.07,138.21
-4.4924,0,8,8,5,153.64,267.278
3.0269,2,5,1,7,54.04,383.492
1.8863,0,2,2,8,74.6,188.223
0.9608,1,4,2,5,104.64,238.243
3.0818,1,4,0,11,38.77,307.434
4.3374,2,3,0,4,35.53,304.773
2.47702,1,1,0,3,20.31,191.274
6.4358,4,7,2,9,98.36,635.761
1.3128,4,8,4,0,141.34,302.194
3.809,1,4,1,3,94.5,379.498
4.9733,0,5,0,2,61.83,430.585
1.6105,2,5,1,3,65.78,333.363
-1.112,2,13,4,9,220.26,645.68
-0.7624,1,4,2,1,103.65,168.104
1.6565,2,10,3,10,158.18,529.458
4.5446,0,4,0,12,44.76,266.318
-0.2956,0,1,0,1,20.31,73.095
2.7741,2,5,1,6,45.17,342.439
4.3167,3,4,2,7,90.65,390.439
0.4865,1,5,3,5,124.01,378.406
1.0568,2,8,1,4,103.04,387.44
0.519,0,2,0,2,26.3,106.096
1.3991,2,5,3,3,118.36,405.86
-0.005,0,0,0,0,0,401.18
3.2511,0,4,3,12,94.83,352.471
2.8414,2,2,2,3,51.37,338.455
4.87188,2,2,0,4,27.96,293.414
-0.72832,1,12,2,9,163.33,471.546
4.2559,2,3,0,7,35.91,383.923
1.9249,0,0,0,1,0,88.537
3.19174,2,3,2,4,54.02,269.348
1.8454,1,5,1,6,57.95,297.786
4.0014,1,4,0,10,48.06,326.82
4.8411,0,2,1,7,54.37,500.126
3.6752,2,5,1,12,52.61,360.429
-0.2493,0,4,4,7,95.58,214.227
3.20824,1,3,1,1,24.39,220.341
3.68534,2,4,0,6,24.94,354.494
3.6629,2,4,1,6,50.94,314.216
-0.0153,1,4,1,1,64.09,200.169
-1.8021,0,3,4,0,76.1,106.154
0.851,1,2,2,0,52.04,108.144
1.1236,1,5,1,4,71.11,337.351
8.0655,4,12,0,24,126.44,929.161
1.6658,0,3,3,7,87.66,270.329
4.0731,1,2,1,0,38.33,315.678
1.5594,2,5,1,2,68.78,351.41
4.5187,0,2,1,0,37.3,340.507
1.38499,1,2,2,2,48.65,170.237
2.6507,2,5,1,6,50.96,341.455
6.25676,3,4,0,6,44.76,368.369
2.5781,3,7,3,7,148.93,424.456
6.0007,4,10,3,19,138.02,776.042
4.0099,2,3,0,4,35.91,381.907
1.9467,1,4,3,1,62.44,245.113
4.8523,0,5,0,1,60.44,416.583
2.3406,0,0,0,0,0,84.162
2.6579,1,3,1,4,38.33,225.313
5.6457,3,2,1,8,29.46,378.899
1.9247,2,3,3,4,68.36,339.439
2.2959,2,6,2,2,99.6,371.827
0.6051,1,4,2,1,39.66,220.251
1.2752,0,2,0,2,12.36,99.158
1.0568,1,4,3,5,101.29,271.342
-0.1708,0,4,2,3,24.06,210.374
2.3235,3,14,4,10,231.2,1022.239
3.28982,2,4,0,6,28.6,325.456
4.4451,0,1,1,6,37.3,414.064
3.8484,1,6,0,18,37.41,423.642
1.2294,0,4,2,7,104.64,232.28
2.4767,3,6,2,5,126.81,371.345
0.6436,0,4,0,0,52.6,196.202
0.4051,0,1,0,0,12.53,58.08
6.17798,2,4,0,6,59.32,416.304
1.81142,1,4,0,2,86.28,182.135
0.3995,1,4,0,0,43.6,138.174
3.639,1,1,1,2,20.23,178.275
-1.6618,1,7,4,6,147.9,279.189
2.558,2,2,1,1,38.33,201.225
6.1225,4,5,2,5,70.67,447.339
4.002,0,3,0,5,43.37,302.414
2.1657,0,3,2,6,58.56,231.336
-6.1615,0,11,1,8,153.58,401.44
-1.6512,0,8,3,3,146.89,334.332
0.6008,0,2,2,2,72.19,223.07
-0.3749,0,2,1,2,29.46,76.095
3.31442,1,3,0,5,40.62,347.264
4.2558,2,6,0,5,56.75,492.689
3.9008,2,4,0,9,32.78,380.532
5.9729,0,2,0,14,26.3,294.479
3.7073,2,5,0,9,48.38,487.019
1.8214,1,6,1,4,80.59,372.421
2.80572,1,2,0,6,37.38,255.383
1.6995,1,5,3,4,118.36,381.907
0.3623,0,5,2,7,113.87,234.252
-0.0512,2,7,3,5,136.38,287.216
1.0426,1,3,1,2,66.48,246.266
-0.1284,1,3,0,0,38.67,81.078
1.9255,0,6,4,9,100.72,332.445
3.6739,2,4,0,3,29.54,321.829
2.4411,0,0,0,3,0,293.159
3.3699,2,4,0,6,48.8,415.335
0.8122,0,4,2,6,104.64,238.671
3.4795,1,2,2,1,40.46,236.355
3.8465,2,3,1,6,35.58,389.902
1.53282,2,3,3,3,74.35,234.255
3.9277,2,2,0,5,16.13,319.246
2.4549,2,4,0,5,28.6,297.402
3.9538,2,3,0,6,35.53,340.443
0.9077,1,2,1,1,32.34,192.243
1.5193,1,4,4,3,72.72,225.288
4.8056,2,4,0,2,44.76,367.228
1.5576,0,5,3,2,94.83,360.45
2.7586,2,5,1,5,98.54,308.315
2.384,2,2,1,2,24.39,210.28
6.9564,4,3,2,5,44.37,545.752
5.4258,1,5,1,5,68.12,449.591
2.8355,1,3,1,2,38.69,234.295
7.7142,4,3,2,5,61.44,569.749
2.5238,2,4,2,2,77.82,248.717
-0.3155,0,3,2,0,50.41,113.164
1.544,0,1,1,4,43.09,143.23
5.0541,1,3,0,12,57.2,325.494
2.6422,2,2,1,0,63.4,252.273
3.0685,2,4,0,6,24.94,326.44
-0.0891,1,2,2,2,54.7,111.148
2.0098,2,5,2,1,90.71,256.096
4.1303,2,4,0,0,18.84,343.883
4.9807,1,3,1,2,49.41,352.887
2.2788,2,3,0,4,11.41,257.381
1.9539,1,4,1,3,47.56,253.323
0.5012,0,3,0,1,29.54,157.213
0.4423,1,4,4,3,103.78,211.217
1.89782,1,4,3,3,101.29,311.407
1.8444,2,6,4,6,99.38,408.878
1.8415,2,4,3,2,101.29,337.788
-1.1154,1,5,5,4,153.11,272.09
1.20632,2,6,1,2,73.71,368.441
1.7959,2,5,2,3,74.57,351.353
3.23,0,2,0,2,26.3,182.175
2.3126,1,5,0,7,57.23,309.362
2.291,2,3,1,3,59.3,255.273
1.859,0,4,2,2,82.92,278.356
5.3986,1,2,1,1,33.12,349.518
1.4879,3,9,0,6,97.35,420.853
-2.7566,0,5,0,1,103.32,122.98
-1.6249,0,3,2,0,64.35,102.093
3.2596,2,14,5,8,224.45,807.89
-1.4942,0,4,2,0,58.92,146.142
0.645,1,3,3,3,52.49,167.208
1.42996,1,2,0,0,47.58,128.134
-0.5941,1,7,2,2,90.37,229.261
4.1266,2,4,1,5,67.87,396.487
2.6024,0,7,1,4,100.52,384.425
4.7516,0,4,0,2,52.6,386.532
2.8398,2,0,0,0,0,128.174
4.4147,2,5,0,7,48,410.297
3.1984,2,2,1,0,33.12,305.502
4.41112,3,5,0,5,59.75,391.467
2.3753,2,8,3,11,140.42,547.674
1.5278,0,1,0,10,9.23,242.407
-1.029,0,2,2,1,40.46,62.068
4.8809,2,3,0,4,12.47,331.868
3.3006,2,4,0,5,39.15,428.939
4.47752,1,8,2,2,109.25,507.693
2.6085,0,2,0,3,26.3,160.153
1.9727,0,6,2,7,110.8,330.381
1.4153,1,3,1,5,74.68,257.311
6.5663,4,3,2,5,44.37,531.725
-0.9368,1,2,2,0,65.72,112.088
0.8608,1,4,2,4,86.71,334.397
2.2174,1,5,0,6,45.15,257.769
4.6017,2,4,1,5,26.71,434.527
-1.8409,2,9,4,2,139.54,285.235
4.2394,2,3,0,3,6.48,284.428
2.57414,2,2,2,4,40.46,256.345
3.0835,1,2,1,5,23.47,221.344
-1.967,0,3,4,0,93.17,90.086
2.6127,0,3,0,5,27.69,228.332
-0.989,1,8,4,2,112.13,268.273
-0.3476,1,9,6,2,181.62,444.44
3.6978,0,4,0,8,29.54,267.375
5.1143,0,5,0,3,69.67,448.987
0.46462,2,8,2,4,157.41,352.298
1.7856,0,14,5,7,193.91,733.937
2.3184,2,4,1,2,50.16,312.417
1.3507,2,8,2,8,111.83,389.456
2.6364,2,5,1,3,71.95,297.405
2.63982,3,9,1,4,109.13,461.471
2.209,2,4,2,3,92.5,365.842
5.06088,2,5,0,2,41.61,354.287
-2.996,0,0,0,0,0,35.453
2.3507,1,3,1,2,24.92,238.381
3.2585,1,3,0,1,37.38,296.562
0.326,0,3,3,4,86.63,213.233
3.31354,3,9,3,7,106.51,488.017
2.756,0,1,0,12,9.23,274.493
2.9041,2,4,0,4,34.84,259.305
4.3371,2,3,0,2,3.24,275.442
10.605,0,0,0,15,0,410.73
4.3452,0,3,2,12,78.87,344.496
2.56652,1,1,1,1,20.23,244.358
0.5694,0,2,0,1,26.3,88.106
-0.7976,2,9,3,7,151.14,324.341
1.98628,2,4,1,4,74.89,267.288
0.3715,1,6,1,1,73.8,214.294
1.9558,1,3,1,4,30.49,207.273
-0.3178,2,6,1,6,93.42,415.496
3.51392,3,4,1,3,77.98,381.379
4.847,2,2,0,5,12.47,335.369
2.5906,2,4,1,4,39.6,317.82
3.7726,1,6,1,10,64.63,397.524
-0.3808,0,0,0,0,0,127.6
3.8336,2,4,0,9,24.94,382.548
0.0993,0,4,0,2,64.73,132.119
1.5254,1,5,2,2,70,341.407
2.8326,0,0,0,0,0,136.238
2.2703,0,4,2,8,90.65,274.361
-1.6031,0,7,5,7,162.06,420.513
7.2488,0,1,1,15,29.1,361.614
0.3612,0,2,1,2,29.46,90.122
2.7161,3,1,1,0,28.68,168.199
3.37692,2,4,0,6,24.94,340.467
0.8039,0,1,0,6,9.23,204.358
3.0338,1,3,2,6,58.56,251.326
5.29964,6,20,4,9,370.74,868.862
1.7112,0,5,4,8,150.7,519.687
6.3089,1,3,0,5,43.37,434.62
-0.9059,0,2,1,2,63.4,142.158
5.458,2,4,0,5,61.6,361.703
0.7936,1,5,2,4,89.55,253.258
-1.6284,0,10,8,19,197.32,554.732
-0.0025,0,0,0,0,0,63.546
1.6119,1,2,0,1,26.3,136.15
2.5906,2,4,1,4,39.6,317.82
2.4241,2,5,2,5,54.38,280.393
4.17592,3,4,0,3,59.92,358.85
3.9902,1,3,1,4,47.56,291.715
-5.3972,0,11,8,4,189.53,342.297
2.8103,1,6,0,3,71.06,352.77
3.2205,3,6,4,3,110.68,331.3
2.8541,1,3,1,5,46.53,332.464
2.0957,2,3,0,2,27.05,188.23
2.24562,2,4,1,4,39.6,297.402
3.2711,0,3,1,9,70.08,302.415
2.8959,2,3,1,5,63.6,258.273
3.2015,1,4,1,9,56.84,318.339
2.1591,1,1,2,3,41.13,212.68
2.5938,0,0,0,1,0,167.85
5.7287,3,3,1,6,32.7,413.561
2.8818,2,8,0,4,75.69,413.426
3.5422,2,3,2,3,62.22,282.221
3.1411,2,2,2,4,32.26,261.752
2.1826,1,1,0,4,3.24,187.286
2.2747,0,6,2,2,93.06,434.504
1.55828,1,1,0,0,23.79,103.124
3.68322,1,1,0,0,3.24,255.405
-0.2342,0,6,4,17,110.56,316.538
2.5199,2,6,1,5,88.18,435.889
5.5795,0,4,0,6,60.44,414.586
5.84762,3,3,1,10,32.7,438.011
4.6697,1,4,0,6,27.69,315.158
2.2297,1,1,1,2,26.02,169.655
4.241,2,3,0,4,6.48,284.428
4.652,1,4,0,4,27.69,366
4.3359,2,3,0,5,15.71,366.549
2.8227,3,4,1,2,56.73,240.31
-0.5326,0,4,1,4,69.39,145.158
2.9668,2,8,3,10,113.02,450.561
0.3551,0,1,1,1,26.02,59.112
0.81812,1,6,2,2,71.43,241.682
3.6019,0,2,0,6,18.46,214.349
0.961,0,3,2,4,75.27,224.26
0.701,1,5,4,4,85.61,240.303
1.1789,1,1,1,1,20.23,108.14
3.5028,2,2,0,1,34.14,256.688
1.7762,0,0,0,1,0,187.862
3.0513,2,2,0,4,6.48,266.388
3.9822,2,1,1,4,37.3,242.318
1.581,2,5,2,2,99.6,331.353
-0.3954,0,8,1,3,115.54,339.366
3.7227,2,4,1,0,30.87,326.831
2.5251,3,6,2,6,114.71,374.374
3.8472,3,11,0,12,120.87,527.526
-0.5418,0,8,0,7,114.4,280.37
2.7711,1,5,0,8,48,307.39
2.0963,1,3,2,7,41.49,249.354
3.7357,3,14,4,10,221.29,853.918
6.8132,0,3,0,12,0,298.523
1.0978,1,2,2,0,40.46,110.112
1.8967,1,1,1,2,12.03,171.243
5.9521,1,4,0,10,24.94,424.629
-0.1217,2,5,5,4,152.59,322.15
-1.56628,1,6,3,2,104.55,260.221
2.3041,0,3,0,4,27.69,216.321
4.0868,0,7,1,6,106.97,521.05
1.3888,0,9,4,20,170.75,513.525
2.878,0,1,0,4,17.07,152.237
2.15134,1,6,0,0,81.72,296.332
3.2405,1,1,0,5,9.23,229.117
1.2896,2,8,3,5,136.63,548.069
2.6924,2,4,0,3,52.6,256.257
2.6498,2,3,0,6,19.37,255.365
2.5017,0,0,0,0,0,131.389
0.73557,0,2,3,3,65.14,198.314
1.7992,1,2,0,1,32.67,174.203
2.44172,1,3,1,1,42.23,207.273
-0.1848,1,9,0,5,115.33,338.324
1.78562,1,2,1,3,29.1,177.247
3.667,2,2,1,4,46.53,242.274
4.6376,2,3,1,5,55.76,327.163
2.30804,2,6,2,9,74.27,427.545
2.7119,0,1,0,0,17.07,152.237
0.6532,1,4,2,3,92.45,249.683
4.007,2,0,0,1,0,188.657
2.87958,2,5,2,5,107.26,430.379
-0.1169,1,3,2,1,68.26,126.115
5.0196,0,3,0,14,38.83,298.467
1.31252,1,3,1,2,49.77,207.229
0.9221,0,9,6,23,205.84,560.693
4.6757,2,2,0,3,3.24,295.451
4.7866,1,7,0,14,113.04,562.664
-0.14122,0,2,1,1,49.81,70.095
4.2058,3,7,0,7,69.06,531.44
3.8239,0,3,1,11,49.77,287.444
2.0918,1,2,0,2,34.14,162.188
1.9309,1,4,1,4,49.77,289.375
0.3592,0,5,1,2,100.49,386.419
3.9179,3,5,0,5,49.83,384.863
-1.6836,1,6,3,2,104.55,246.194
4.0933,2,8,0,3,106.97,527.839
5.5773,5,12,0,11,104.7,705.647
1.177,1,3,1,1,69.16,138.126
3.86,3,5,0,6,49.81,339.391
4.4307,2,3,1,6,50.69,412.358
2.7808,0,4,2,2,74.6,376.468
0.62062,1,6,1,4,82.22,244.276
6.215,3,2,0,9,12.47,405.969
-8.4242,0,17,13,10,331.94,585.608
4.4315,2,4,0,2,39.19,351.471
4.2756,0,2,1,2,37.3,310.437
5.7283,1,4,0,7,44.76,359.573
4.0578,2,3,0,4,25.61,257.333
3.3581,2,6,2,9,86.05,465.953
2.5976,0,1,1,2,37.3,168.236
2.7568,0,3,0,6,27.69,228.332
3.3872,2,1,1,0,46.33,236.274
2.1587,1,4,0,4,57.69,328.412
1.3839,2,8,0,9,85.49,416.526
1.0918,1,2,1,2,15.27,176.263
0.3566,1,11,7,6,205.76,585.658
3.9268,2,4,0,4,9.72,339.508
1.7737,2,5,0,2,64.43,303.293
4.0098,1,3,1,3,46.53,276.376
1.3427,1,3,2,0,49.69,300.378
3.8374,2,2,0,4,16.13,317.23
2.9927,1,4,2,6,90.65,294.351
9.1799,4,3,2,5,44.37,669.505
-0.0448,3,9,6,9,213.28,441.404
5.5329,0,8,6,20,145.94,685.073
-1.0293,2,6,0,0,61.82,194.194
2.9233,2,3,0,6,25.36,270.376
1.8732,2,4,2,0,74.6,240.214
2.9668,2,3,0,5,57.69,322.364
4.7211,1,1,1,8,20.23,318.525
2.9549,2,6,1,5,66.02,371.433
3.3252,2,4,2,5,67.59,373.884
1.6497,0,5,3,2,94.83,378.44
0.0696,1,6,0,3,48.39,210.285
3.2076,2,4,0,6,24.94,344.43
2.6346,1,3,1,4,32.7,263.381
2.8732,2,7,0,3,66.46,383.4
1.8483,1,2,0,1,16.13,162.236
0.5951,0,2,0,1,26.3,274.669
3.2934,3,5,2,8,85.52,410.465
-0.3513,1,5,3,1,118.36,297.745
4.3263,0,5,1,4,80.67,428.569
0.7035,2,4,1,3,73.8,238.197
1.4326,0,5,4,11,129.72,358.46
-2.003,3,8,4,9,196.92,425.401
2.646,2,2,1,6,46.33,296.414
-1.8829,0,3,1,1,60.36,89.07
1.6992,2,5,1,4,65.78,369.343
1.5284,1,3,2,3,67.43,248.282
4.02958,4,5,2,7,102.29,441.535
4.7564,2,3,0,4,35.53,325.191
4.0411,3,3,0,3,29.96,265.337
4.3753,2,4,0,6,24.94,395.33
0.0298,1,4,2,1,92.5,259.265
2.2131,1,3,0,3,29.54,247.338
2.92876,2,5,0,4,78.29,293.374
7.8006,0,1,1,20,20.23,326.609
1.3404,1,3,2,6,58.36,235.331
-4.8004,0,10,7,4,163.31,339.341
0.8393,0,2,1,1,46.17,155.197
5.081,3,3,3,2,82.19,392.499
-1.4747,0,2,3,4,107.49,144.178
1.5636,1,2,0,3,33.2,178.235
2.4789,2,3,0,0,19.37,265.36
3.6048,3,2,2,5,48.13,347.462
2.65122,2,4,1,1,58.12,266.304
4.559,0,2,0,8,26.3,230.288
4.1702,2,4,1,8,62.66,388.895
5.189,0,2,0,1,34.14,411.355
-0.5032,1,4,3,1,110.52,279.227
3.646,1,4,0,12,38.77,335.488
3.9624,2,2,0,3,12.47,279.383
4.683,1,5,2,12,75.99,452.538
2.4466,0,3,0,4,27.69,216.321
0.9814,1,1,2,2,36.42,177.251
1.7924,0,2,2,3,57.53,186.251
2.06,0,1,2,4,41.13,182.179
-7.2914,0,15,11,6,282.61,484.503
2.9554,1,3,1,8,41.57,312.841
5.6045,0,14,3,9,161.86,886.133
2.0103,3,4,1,1,68.17,294.31
2.7346,1,5,0,3,94.35,329.23
0.6503,2,7,2,6,115.42,383.456
3.0984,0,8,0,15,105.2,402.484
1.9458,2,5,1,5,48.83,313.401
1.4737,2,10,2,6,204.25,365.214
1.1974,2,5,2,2,76.72,187.206
3.1281,2,5,1,6,68.65,335.787
3.364,0,2,2,9,40.46,230.392
3.0056,4,8,2,4,127.18,408.362
4.9255,0,3,3,12,77.76,400.987
2.6154,2,4,0,2,52.6,242.23
-0.8672,0,7,2,1,105.59,310.302
0.7244,1,3,2,3,54.02,179.223
1.1176,1,5,1,5,42.96,266.341
2.5027,1,2,0,5,6.48,246.398
4.5856,0,5,1,6,72.83,418.574
1.4772,1,2,1,3,29.1,163.22
6.0315,0,14,2,9,159.06,887.117
3.4567,1,2,1,5,40.54,321.848
1.92962,1,4,0,2,58.86,174.159
3.68044,1,13,1,17,185.84,656.733
2.3358,2,4,0,3,46.61,321.376
3.8959,4,6,1,8,90.82,421.912
1.04522,1,3,3,5,52.74,244.389
1.4135,0,2,2,5,40.46,160.257
2.07042,3,8,1,8,112.9,488.614
4.292,2,2,0,7,20.31,309.453
-0.5588,0,1,1,1,43.09,77.058
-2.5384,0,3,3,0,98.21,103.081
1.6101,1,2,2,6,40.46,194.274
2.7045,2,3,1,4,46.53,352.454
5.3404,3,6,0,7,66.88,484.763
1.0646,1,1,2,2,64.4,275.093
-0.2605,0,4,2,2,84.91,178.575
-0.3857,0,5,3,6,116.22,299.352
2.3528,0,1,0,3,9.23,184.491
2.5771,0,4,2,9,76.66,343.251
4.0819,0,3,0,0,43.37,364.485
3.68534,2,4,0,6,24.94,354.494
4.1617,3,5,2,10,112.07,435.528
4.2572,3,7,2,10,69.21,477.563
0.685,1,9,3,13,127.82,509.6
1.005,1,5,0,4,66.92,330.384
0.1577,0,1,0,3,9.03,189.224
2.57084,2,8,4,7,106.7,368.48
5.82152,3,5,1,5,63.69,485.506
5.2199,2,4,2,10,78.87,452.595
3.7033,2,6,0,3,63.22,394.423
2.0123,1,2,1,4,26.02,199.395
1.963,1,5,3,5,118.36,401.432
4.6886,2,3,0,3,19.37,367.512
6.701,4,7,2,2,80.62,609.743
2.5843,5,7,0,3,73.79,327.351
1.17188,1,4,3,4,82.07,219.288
4.3059,0,3,0,0,43.37,366.501
-2.0781,2,7,1,1,108.17,194.154
1.6657,0,10,1,6,108.74,497.639
3.7904,2,5,0,7,24.94,372.534
1.7793,1,4,1,3,66.84,289.331
3.1057,2,2,1,4,54.37,254.285
4.4178,2,2,0,4,12.47,307.437
3.0377,2,4,1,2,84.6,315.716
3.2112,1,3,2,8,40.46,268.422
3.3737,2,6,0,6,56.75,426.586
3.8897,3,5,0,4,54.67,407.948
4.2585,2,2,0,0,12.47,285.774
-1.292,1,5,4,1,159.29,229.631
4.4479,2,3,2,2,45.15,378.316
0.9154,2,4,2,1,63.83,160.18
3.00254,3,3,0,1,34.89,250.301
3.44418,1,2,0,5,27.03,244.382
3.58328,2,4,0,6,54.5,288.782
3.2992,2,6,0,8,57.23,405.878
0.193,2,7,0,5,78.89,278.312
3.8826,0,2,1,0,37.3,312.453
1.6991,1,4,3,5,70.59,292.379
4.7364,3,3,0,4,51.21,374.823
5.3093,2,3,0,10,27.05,300.446
1.7924,0,2,2,3,57.53,186.251
2.9233,0,4,2,1,74.6,376.468
3.6358,2,4,0,5,48.42,305.761
1.53,1,3,2,4,67.43,248.282
0.974,2,4,1,3,87.15,342.351
-0.0014,0,1,1,0,20.23,46.069
6.3191,5,11,1,10,143.34,610.671
4.7409,4,3,0,2,30.71,305.768
2.4484,1,4,1,2,92.55,317.223
3.1136,1,2,2,0,46.25,245.366
2.5649,0,5,5,6,127.09,465.631
3.5413,0,3,3,8,77.76,360.494
2.0302,2,5,4,4,89.91,348.41
5.2136,0,12,5,10,182.83,805.015
3.37,2,2,0,4,26.3,228.291
0.3798,0,2,0,0,3.24,120.222
-0.8663,0,3,3,4,86.63,147.13
-1.3895,0,7,2,2,144.99,299.288
4.21469,2,4,0,2,9.23,240.374
1.7739,1,4,1,1,44.81,275.352
0.0899,1,4,4,2,86.71,169.18
2.5318,1,5,2,7,103.54,295.339
2.3334,1,4,2,5,58.56,291.391
1.464,0,0,0,1,0,98.96
3.1732,2,4,1,4,45.59,324.424
3.388,0,3,0,6,0,178.347
3.8792,0,2,1,0,37.3,288.431
5.0377,3,6,2,5,77.99,450.345
3.8545,2,4,0,1,44.76,339.174
2.4517,2,3,2,1,71.09,293.326
3.0771,2,5,0,7,34.17,356.466
4.3099,0,4,2,11,83.83,390.467
4.242,1,7,0,8,80.29,358.651
2.36554,2,4,5,5,136.49,281.323
0.15224,3,11,3,12,246.98,707.74
5.2894,0,4,0,4,52.6,438.608
2.6941,0,1,1,0,26.02,179.307
2.1917,1,3,1,4,55.76,222.24
4.3019,2,1,1,4,12.03,263.384
-0.3423,0,1,1,1,43.09,71.079
9.1576,1,2,0,14,34.14,450.707
2.99948,1,3,2,2,73.12,270.21
2.4987,0,6,2,2,93.06,436.52
4.049,0,10,1,37,103.3,582.816
-3.2198,0,6,5,2,110.38,180.156
3.58184,2,3,2,5,54.02,283.375
0.7498,1,3,2,2,67.43,220.228
-1.4716,0,2,3,0,81.14,75.071
1.3045,1,3,3,0,52.49,179.219
6.4458,3,3,2,8,43.7,471.685
1.3408,2,0,2,2,43.43,175.255
2.99,2,5,0,7,37.83,341.455
2.3156,2,5,1,4,65.78,359.401
2.4479,2,3,2,1,61.69,286.718
2.0081,2,6,2,7,63.61,296.392
2.6714,0,1,1,4,20.23,154.253
0.4307,0,2,4,2,115.06,244.891
-0.2019,1,5,1,3,70.02,195.222
8.3703,4,7,0,14,120.65,751.991
3.1547,1,6,0,7,87.9,275.197
-0.9368,0,2,3,0,64.07,135.217
11.55106,2,4,0,16,44.76,627.35
6.6944,0,4,0,12,17.07,314.522
2.4397,0,14,4,8,182.91,747.964
2.7015,0,3,2,9,58.56,245.363
-1.19408,2,12,9,3,242.51,492.389
7.6133,4,5,1,12,73.25,585.189
2.27612,2,6,3,7,130.4,434.518
-3.4569,1,8,4,2,137.67,245.191
2.3038,2,2,2,6,55.12,282.387
6.31708,2,4,0,6,59.32,434.294
1.7816,0,5,3,2,94.83,362.466
4.1446,1,3,0,5,9.23,246.337
2.01,2,2,1,5,60.16,273.357
0.541,2,9,1,7,122.22,321.337
2.402,0,0,0,0,47.6,112.176
4.842,0,2,0,1,34.14,344.882
2.8461,2,2,1,1,29.26,238.334
3.6898,0,3,0,0,35.53,406.929
2.69104,2,6,3,7,87.14,366.874
3.4323,1,5,2,11,71.03,404.551
1.3827,1,4,3,7,70.59,266.341
-0.7513,0,2,3,2,94.83,140.031
1.5196,0,1,0,0,17.07,98.145
1.0296,2,11,7,7,211.28,516.455
-0.8648,0,3,1,3,54.37,102.089
3.1538,2,2,0,1,32.67,284.746
0.39932,1,3,1,0,42.23,139.154
-8.6886,0,25,8,12,377.77,788.661
1.77392,1,4,2,3,78.51,311.407
1.3875,1,5,3,1,118.36,415.107
1.2352,1,5,4,12,132.96,405.495
5.4161,2,3,0,4,18.46,412.072
4.92322,3,3,0,7,15.71,386.539
4.3384,2,5,0,9,34.17,404.938
0.9491,1,6,2,5,105.17,380.422
0.9012,1,3,3,4,66.48,195.262
2.906,2,2,1,3,39.34,323.44
4.9011,2,4,0,4,23.55,386.586
3.0871,1,1,0,6,13.14,210.341
2.0963,1,3,2,7,41.49,249.354
9.9083,2,4,2,4,40.46,516.857
1.8039,2,3,1,0,37.81,211.268
0.9223,1,5,1,4,114.97,226.192
4.0144,2,3,0,0,20.31,309.434
2.3481,1,3,3,7,87.66,294.351
4.8692,1,6,1,4,93.81,521.437
2.648,3,5,4,2,93.81,283.283
7.0103,4,4,1,12,64.35,454.57
0.4614,0,5,0,8,61.83,214.217
1.3922,1,1,1,0,20.23,94.113
3.74524,2,2,2,3,49.33,241.29
5.299,1,4,2,7,96.3,520.39
3.5735,1,4,0,9,38.77,319.445
1.8118,1,5,3,5,87.43,279.34
3.7393,0,5,1,6,68.12,341.835
6.1797,3,5,1,6,72.47,510.342
2.6336,2,3,1,1,54.35,316.158
3.7107,4,6,3,4,108.47,373.368
2.7733,1,5,2,9,95.94,430.545
4.4022,0,3,0,7,29.54,309.494
2.5913,2,4,0,5,28.6,297.402
0.0689,1,4,2,3,99.73,182.187
3.1256,2,3,1,1,52.9,335.19
0.0878,1,4,1,1,83.55,258.233
2.4838,2,5,2,5,95.94,414.483
2.1781,2,0,0,1,3.88,170.235
7.1225,4,3,2,6,44.37,557.763
1.2708,0,0,0,0,0,251.078
3.9919,0,1,1,10,37.3,200.322
0.9027,1,5,1,1,51.16,237.255
1.9406,0,5,2,8,95.94,368.474
3.4772,1,1,0,7,13.14,224.368
4.3979,0,1,1,7,20.23,222.372
4.5678,2,14,3,10,202.45,835.944
0.80598,1,6,3,2,84.48,283.374
1.7862,1,4,3,3,77.76,196.202
6.54398,2,4,0,6,59.32,449.856
2.3843,2,4,1,2,84.6,281.271
4.2756,3,7,1,8,68.74,446.91
2.1756,1,7,1,4,107.77,346.339
3.2717,3,4,0,1,43.07,294.745
3.917,2,5,0,5,55.57,400.543
-0.7616,0,2,2,2,49.33,101.105
2.149,1,2,2,2,57.53,220.268
3.3207,1,5,3,8,86.99,282.336
-0.7716,2,4,3,0,100.45,151.129
-0.0816,0,1,1,1,29.1,85.106
3.5178,3,6,1,5,110.65,353.33
2.894,1,1,0,1,31.2,270.38
2.4959,1,3,2,3,75.27,322.43
2.546,2,6,1,6,81.18,327.431
1.5597,2,5,2,4,83.81,271.276
2.2098,1,4,2,4,92.34,324.402
3.6004,1,4,0,8,52.6,278.348
3.7239,0,2,1,3,54.37,278.373
5.0269,4,10,0,12,177.85,746.885
4.7039,0,7,1,5,99.13,540.697
5.55562,3,2,0,5,6.48,390.958
1.9709,4,8,8,11,227.85,808.981
3.4672,2,5,0,8,34.17,370.493
0.645,1,3,3,3,52.49,167.208
3.3786,0,6,2,14,100.9,410.551
3.4757,2,3,0,5,35.91,355.869
3.4,1,4,0,10,38.77,333.472
2.424,2,4,2,6,90.65,328.368
1.4698,0,4,1,3,50.69,190.268
3.02452,3,1,1,0,28.68,182.226
4.4474,2,5,2,9,114.99,545.703
5.3852,3,2,0,6,6.48,404.504
4.8773,2,1,0,4,3.24,291.438
2.4292,2,4,1,4,47.94,382.895
0.599,1,3,3,2,66.48,153.181
1.5056,0,5,3,2,94.83,378.44
2.115,1,2,1,1,15.27,230.233
2.7103,2,6,4,7,148.65,357.322
1.0388,0,4,1,1,50.69,162.214
1.9201,1,3,2,5,67.43,262.309
2.0054,0,8,0,9,88.13,314.296
-0.0482,1,8,4,6,162.92,410.433
-0.9201,0,3,1,1,75.76,155.157
1.7073,1,5,3,2,73.16,357.45
1.3114,0,1,1,0,20.23,100.161
3.4432,2,2,0,4,26.3,238.286
2.2288,0,3,2,6,41.49,241.375
1.9766,0,3,0,4,27.69,200.278
1.89532,2,6,2,4,112.74,401.444
1.88722,2,5,3,0,94.83,270.24
1.306,1,4,4,4,72.72,239.315
2.2184,0,2,0,2,26.3,146.126
3.0618,2,9,0,12,108.44,555.715
0.1618,1,4,2,4,46.94,236.315
2.52732,1,7,0,7,56.71,305.34
3.1596,3,4,1,2,59.42,265.268
2.199,0,3,0,3,27.69,202.294
4.401,0,3,2,0,57.53,332.484
1.6109,3,8,1,7,113.42,474.587
7.278,1,2,2,17,49.33,361.57
3.43922,2,5,1,0,30.87,312.442
1.5948,1,2,0,1,43.14,123.111
2.2593,0,2,0,2,26.3,160.153
4.9312,0,2,1,14,49.83,284.44
5.34142,2,2,1,7,23.47,325.496
0.02182,1,3,0,0,53.27,125.103
2.7426,0,5,0,7,65.07,299.691
0.3234,0,2,0,0,26.3,86.09
3.8315,0,5,0,6,46.61,283.355
4.6076,0,4,0,2,60.44,416.945
5.5316,2,3,1,6,42.35,355.522
0.8088,0,3,1,4,38.69,162.229
2.07812,2,6,3,7,130.15,445.545
1.83282,1,4,0,2,47.36,211.265
-0.2275,0,3,3,5,89.34,182.17
-0.3111,1,5,3,7,118.72,294.307
0.6715,0,2,0,1,43.14,89.094
0.5813,0,0,0,0,0,215.625
4.28884,2,4,0,3,26.28,226.322
1.3073,0,6,2,9,95.12,306.359
2.0146,1,4,0,6,57.69,316.401
0.8578,1,3,2,4,72.55,195.218
6.1806,0,13,3,6,195.43,914.187
0.215,0,2,2,0,52.04,114.192
2.3222,1,3,2,1,76.21,241.461
2.3636,2,5,3,6,70.95,405.441
2.89974,3,5,1,5,77.1,345.424
1.857,1,2,2,4,63.32,213.664
3.0919,1,4,1,4,49.77,331.456
2.3765,0,0,0,0,0,133.405
6.1879,2,0,0,2,0,318.03
-2.4347,3,12,5,4,186.46,390.36
4.2729,0,10,4,10,153.37,670.881
3.4741,2,3,0,4,35.91,355.869
5.25412,3,10,2,8,156.89,749.956
5.4203,1,5,0,8,18.46,342.875
2.4477,2,1,2,3,41.81,188.274
4.4203,2,5,0,2,93.4,833.879
2.8816,2,5,1,1,51.16,325.364
4.9341,1,2,0,7,26.3,284.399
1.7397,0,2,0,4,26.3,130.187
1.9777,0,0,0,1,0,110.971
1.73742,2,5,0,4,73.85,232.243
4.0911,3,9,1,4,114.2,586.689
2.6431,1,3,1,4,38.33,247.338
2.006,2,4,3,5,95.5,318.354
5.1557,1,4,2,5,60.77,449.635
3.5895,2,3,1,5,49.77,337.419
2.4482,0,3,0,5,27.69,216.321
4.00778,2,5,1,4,50.5,365.502
-0.4861,0,4,3,6,83.55,179.241
-2.4585,1,6,3,3,131.32,189.127
2.8695,1,1,0,5,13.14,196.314
4.4656,1,2,0,4,18.46,344.519
0.3181,1,5,3,4,112.73,349.412
1.56069,1,5,0,1,36.16,186.236
3.6417,2,5,3,8,113.6,494.013
0.0047,0,5,2,2,76.71,199.254
4.4995,0,2,0,1,34.14,312.453
-0.0053,0,1,0,0,17.07,78.136
1.55042,2,4,0,2,30.17,231.299
0.5567,1,5,2,6,101.73,341.433
4.5291,2,3,0,8,27.05,272.392
3.5185,2,6,2,7,121.88,527.643
3.5562,2,1,0,10,9.23,342.527
3.1443,1,6,0,5,70.83,297.656
2.83704,2,3,1,2,37.81,199.257
-1.2799,1,10,2,7,150.04,480.572
3.96124,3,8,1,6,107.73,454.913
0.2052,0,1,0,0,17.07,44.053
3.0599,2,3,0,5,15.71,296.414
-0.1771,2,4,2,2,83.54,194.194
0.4097,1,1,1,0,28.68,68.079
5.04484,2,4,1,6,40.54,375.559
0.69598,0,1,0,0,23.79,53.064
-1.5481,0,3,4,5,127.72,174.204
4.1686,2,1,0,3,3.24,277.411
2.214,1,3,1,4,46.17,231.295
2.58374,1,2,1,5,32.34,234.343
0.3645,0,2,2,4,63.32,129.159
1.1956,0,1,0,8,9.23,218.385
-6.2506,0,16,9,10,339.51,595.488
2.1304,1,2,0,1,40.43,286.379
3.2134,0,4,0,6,18.46,234.71
3.9126,0,2,0,6,6.48,341.099
3.5727,3,8,2,11,128.22,588.282
2.3888,1,5,0,6,48,347.455
2.6945,1,2,0,4,23.55,260.381
1.5716,0,6,2,9,77.38,318.41
3.4279,0,1,0,6,17.07,170.296
2.4316,0,2,0,3,18.46,172.268
3.6092,1,2,2,0,40.46,272.388
6.372,3,3,0,9,27.69,376.496
1.9829,2,6,2,11,104.81,441.575
0.8746,1,6,1,5,82.22,258.303
-0.281,0,6,0,7,86.74,246.306
1.9437,1,2,0,2,29.54,223.296
2.3832,1,5,2,9,95.94,416.518
-0.3172,0,7,5,10,179.38,387.414
1.6866,1,0,0,0,0,78.114
2.79932,1,6,0,5,70.83,277.238
2.878,0,1,0,6,17.07,152.237
1.3714,0,8,2,12,129.26,390.433
2.73322,1,5,2,6,93.06,320.341
3.7016,3,7,3,6,141.31,398.4
3.4707,2,5,0,5,43.86,443.638
5.7223,0,3,1,3,46.53,398.587
1.7158,2,6,2,1,62.2,253.718
0.9019,0,4,2,6,104.64,216.237
-0.8561,1,6,2,2,115.04,222.251
1.5621,1,3,2,7,41.49,223.316
3.2993,1,2,1,3,29.1,239.746
0.3046,1,4,4,2,86.71,169.18
2.82402,1,1,1,1,20.23,150.221
2.8346,1,12,1,32,121.4,603.75
1.3053,3,9,2,5,136.81,412.815
2.9105,2,4,0,4,39.15,414.912
2.165,0,5,3,2,94.83,408.922
0.966,2,8,2,5,123.04,389.387
6.67998,3,4,0,7,59.32,419.908
10.4033,0,2,2,10,40.46,568.886
-6.7788,0,27,8,21,536.49,982.809
1.96282,1,3,1,3,45.33,276.38
2.6977,1,2,0,6,23.55,260.381
3.1161,2,1,1,2,12.03,223.319
1.3687,0,0,0,0,0,62.499
2.7078,2,3,2,1,88.04,215.212
0.6956,0,2,0,2,26.79,199.298
6.5489,0,1,1,14,37.3,328.496
2.9971,1,3,3,3,58.28,277.195
3.6927,1,2,1,2,21.26,217.312
3.0284,1,7,2,6,98.46,394.69
3.0234,2,2,0,3,6.48,266.388
5.0968,0,2,2,11,40.46,306.49
5.0309,2,4,1,7,60.45,403.212
4.0049,2,3,0,6,35.91,387.886
6.3136,4,5,4,12,111.79,558.65
-1.3362,0,3,3,4,106.41,146.146
1.0337,0,4,0,3,44.76,140.075
3.2018,1,7,1,6,107.77,388.42
6.4784,3,8,1,12,111.01,611.739
2.0415,0,2,0,2,18.46,158.241
-0.2144,1,9,6,2,181.62,444.44
1.8105,0,3,0,3,27.69,188.267
3.0997,2,3,0,4,19.37,301.821
3.3656,1,3,2,2,43.7,327.468
-0.3114,0,3,3,4,100.62,181.128
1.3225,1,8,2,10,83.33,331.467
2.4722,2,3,1,1,52.9,300.745
1.2035,1,6,1,4,54.4,398.503
4.0106,0,2,0,6,6.48,304.522
4.2452,1,7,1,7,90.93,456.322
-0.0609,1,5,2,1,118.69,295.729
3.0771,2,5,0,7,34.17,356.466
1.0026,2,0,0,1,7.76,186.258
4.6668,3,6,1,9,55.76,484.663
3.05322,3,3,1,6,60.91,319.408
6.3895,2,5,0,9,52.08,378.925
3.6586,0,2,1,1,37.3,310.437
3.37692,2,4,0,6,24.94,340.467
-0.8854,1,9,5,3,149.15,461.467
-0.1998,0,3,1,2,63.6,130.099
3.3841,0,4,0,12,66.43,265.395
-0.5042,1,9,6,2,181.62,444.44
2.192,1,3,1,3,47.56,209.245
0.3098,0,1,1,1,37.3,94.497
2.12088,1,4,0,2,52.28,252.73
4.0513,1,4,0,7,32.78,372.553
2.6565,1,2,0,1,23.55,296.414
-0.4245,1,3,1,1,68.87,123.115
4.04996,3,5,2,4,67.66,338.411
3.40892,2,3,1,3,52.16,295.145
2.0905,1,4,0,5,46.09,259.762
-2.4413,1,10,6,2,204.68,459.431
3.238,2,2,0,1,12.47,253.345
4.4627,3,8,0,8,64.88,532.472
4.7449,2,2,1,4,38.33,323.314
-1.3318,2,7,3,4,119.05,225.208
3.0035,0,5,0,5,47.89,255.301
2.6407,1,5,1,7,51.16,349.471
-0.5464,2,6,0,1,61.82,208.221
2.0024,1,4,2,7,67.59,299.802
-1.1277,2,12,4,9,206.3,520.48
-1.2386,1,3,3,1,103.02,156.097
3.2042,2,4,2,8,90.65,356.422
1.544,2,6,1,2,75.01,361.373
1.7897,1,1,3,2,88.79,253.737
1.6946,0,3,2,6,41.49,215.337
2.5125,1,4,2,2,52.93,339.435
6.49018,2,4,0,6,59.32,505.206
3.1861,1,2,2,4,57.53,262.349
1.9247,2,4,2,3,77.24,243.266
7.7466,5,3,2,6,44.37,593.796
1.2136,1,4,1,5,53.71,211.261
1.884,0,2,1,5,41.57,261.089
4.8321,2,4,0,5,23.55,340.492
2.9725,2,2,0,4,26.3,226.275
1.92552,1,3,2,3,75.27,282.365
-0.2616,1,5,3,4,118.36,313.788
2.9134,2,6,0,8,43.4,372.465
-3.2621,0,6,5,3,104.39,207.226
0.7117,0,17,12,3,319.61,924.091
2.2648,1,1,1,3,37.3,164.204
4.1617,1,3,2,9,94.91,435.501
4.6578,2,3,0,10,29.54,353.506
1.9116,1,3,0,3,54.45,279.723
3.7687,3,4,1,6,58.1,381.451
5.2513,0,6,1,5,66.84,517.776
3.66262,2,2,0,6,12.47,269.388
0.7025,1,3,2,3,63.32,171.221
2.5847,2,7,0,1,66.46,367.357
2.1789,1,4,0,2,55.73,229.235
4.7877,0,2,0,1,34.14,312.453
3.4731,2,5,0,4,40.16,355.434
3.8826,0,2,1,0,37.3,312.453
1.5897,2,5,1,4,81.19,251.217
2.909,1,4,0,7,55.84,327.808
-0.4065,1,8,6,11,168.66,791.115
2.3524,0,6,2,3,100.9,404.503
3.0429,0,4,4,12,97.99,354.487
5.09308,2,6,0,13,63.95,454.611
2.1792,0,1,0,6,3.24,283.504
3.0711,2,6,3,13,97.05,495.542
5.784,3,3,1,5,57.61,465.952
0.8001,0,18,11,3,308.61,938.118
1.7435,2,3,3,5,85.79,284.252
2.8327,0,3,3,9,87.66,288.388
2.52884,3,5,0,5,75.41,344.416
1.1373,0,3,0,5,29.54,173.256
2.7107,3,7,3,3,109.36,316.265
1.25868,0,3,0,3,53.33,162.129
2.0794,1,4,2,6,104.64,300.742
2.3644,0,6,2,8,110.8,344.408
5.0196,2,3,0,5,6.48,312.482
4.4092,0,4,0,2,60.44,372.505
2.4517,1,2,0,3,23.55,258.365
4.9292,2,14,1,11,171.85,812.018
6.38224,4,8,6,5,155.52,518.562
4.89408,2,3,1,4,64.33,420.528
3.5328,2,2,1,4,15.27,266.388
4.8456,2,8,1,5,102.7,579.694
1.3386,2,13,3,5,160.83,588.562
0.8661,0,0,0,0,58.7,42.021
4.09112,2,4,0,2,44.76,276.228
1.7251,1,4,1,1,41.93,301.386
0.4273,1,5,3,2,118.36,325.799
3.3712,2,2,0,1,40.62,300.745
2.8142,2,5,2,8,54.38,294.42
1.8945,3,6,2,3,101.45,416.359
-0.1303,1,5,2,1,95.11,209.253
7.6773,1,1,1,16,29.1,383.62
1.91724,1,3,2,1,57.53,180.203
2.0576,2,5,5,6,92.95,303.358
4.2668,4,6,2,8,92.51,422.92
3.78244,3,3,1,1,50.44,266.296
0.1917,0,3,1,4,81.59,225.268
6.2457,3,10,0,13,123.66,647.504
2.5676,1,2,1,4,38.33,259.349
8.1172,2,4,0,15,46.61,530.124
6.0786,1,2,0,11,26.3,416.343
1.9571,0,1,0,5,3.24,149.665
2.6169,2,4,1,6,52.65,369.49
3.58012,3,4,0,1,43.07,308.772
2.7115,1,3,2,7,58.56,265.353
5.0822,0,5,4,10,90.15,490.725
5.5105,3,4,3,10,81,501.667
0.40336,0,3,1,4,59.61,123.159
0.5953,0,1,0,0,17.07,58.08
3.1077,2,3,0,3,43.37,268.721
3.4426,0,2,0,6,26.3,198.306
4.4672,3,5,2,5,80.56,426.419
2.2392,2,5,0,2,64.43,411.199
4.7468,0,10,0,12,55.38,456.55
1.0408,0,1,0,3,20.31,127.187
3.1142,2,3,2,5,44.37,361.848
-2.996,0,0,0,0,0,18.998
0.5877,3,14,4,11,223.24,684.7
-0.19628,1,6,2,3,133.08,267.245
3.7702,0,5,0,9,18.46,274.413
1.9229,2,3,2,5,57.36,287.363
2.0437,2,4,4,5,85.35,290.363
3.2877,1,5,0,7,42.01,388.552
3.2969,1,2,1,2,38.33,213.664
1.6342,0,4,2,7,90.65,246.307
-1.6681,0,3,3,2,60.69,92.094
3.6451,2,5,0,6,61.6,323.31
6.5447,3,2,0,5,6.48,433.039
6.6206,2,0,0,1,0,326.437
4.23352,3,4,0,1,43.07,343.217
3.19818,1,2,0,5,27.03,230.355
1.2688,1,1,1,0,26.02,93.129
3.396,3,4,0,6,32.51,295.386
1.7544,5,8,9,21,256.42,817.992
4.4814,0,1,0,0,12.53,380.913
4.23832,1,4,1,7,47.56,303.364
2.0886,2,4,3,8,106.94,410.47
0.8121,1,3,3,3,79.51,236.3
1.4296,0,8,4,2,142.7,540.708
-0.6405,0,2,2,1,40.46,76.095
3.1281,0,2,0,2,26.3,180.159
0.8517,0,6,0,6,55.84,257.273
-1.1812,0,2,2,0,52.04,32.046
3.527,2,5,1,7,48.3,408.329
3.58832,2,3,1,4,67.51,258.273
3.1673,1,4,0,3,30.93,331.456
-0.3149,1,3,2,1,68.01,137.142
3.1489,3,4,4,6,85.35,392.499
3.4115,0,4,2,2,74.6,427.368
4.6945,3,9,2,9,137.03,582.657
4.3616,0,4,0,2,60.44,390.907
-2.9576,0,4,0,2,80.26,114.056
-1.6429,0,3,3,1,75.35,104.109
0.3205,0,2,1,4,23.47,117.192
4.5538,2,1,0,3,3.24,275.395
0.9296,0,4,1,2,60.85,256.327
2.6691,2,4,0,4,44.12,244.294
1.1675,0,2,2,3,40.46,158.241
2.4048,3,4,0,2,51.44,272.329
4.7444,3,5,2,10,92.42,424.522
-0.2247,1,6,0,3,90.92,170.128
-1.7239,2,10,5,4,186.07,365.214
6.4014,4,3,2,5,61.44,515.657
5.4762,0,3,0,2,43.37,372.549
2.78888,1,2,1,0,44.02,276.915
1.2272,1,4,2,5,83.6,225.244
3.5741,2,3,0,6,19.37,295.43
2.3627,0,3,3,8,87.66,272.345
3.5898,1,2,1,4,46.53,289.158
3.2711,1,6,0,7,70.83,291.265
1.0521,0,4,0,7,36.92,332.485
2.4501,1,2,0,2,23.55,258.365
4.6979,2,1,0,0,3.24,287.406
5.4503,3,3,0,6,27.69,310.289
1.6946,0,3,2,5,41.49,215.337
2.1058,2,6,3,10,125.4,470.522
3.1874,2,4,1,4,39.72,311.381
4.5982,3,2,0,4,6.48,328.459
0.8137,1,4,2,5,83.96,257.265
2.4864,1,3,2,7,41.49,263.381
3.3816,0,0,0,1,0,238.024
1.2683,2,5,2,3,74.57,319.336
4.4604,0,1,0,5,17.07,232.367
6.4548,3,3,0,6,27.05,416.135
1.3387,1,4,2,3,78.51,303.771
5.9436,1,4,0,4,52.6,411.325
9.1554,1,5,0,5,69.67,628.894
2.8562,2,4,0,4,45.14,383.879
3.2609,1,2,2,6,66.4,317.429
5.929,2,0,0,3,0,320.046
1.5312,0,3,2,6,58.56,203.282
2.2635,0,3,1,7,49.77,231.336
2.7024,0,4,0,8,44.76,398.588
9.7888,4,3,2,16,61.02,590.784
-0.27838,1,3,1,1,77.13,154.125
4.3611,2,4,0,6,38.77,379.5
2.4906,1,6,0,5,55.84,317.328
3.9574,3,6,4,6,100.72,494.598
4.1822,1,3,0,2,35.91,305.447
2.11182,1,2,1,3,46.53,200.621
5.3915,1,3,0,5,18.46,333.604
-1.6464,0,6,0,3,139.14,222.117
2.2536,1,3,2,5,58.56,223.272
4.6517,2,2,0,6,12.47,311.469
2.756,0,1,0,12,9.23,274.493
-0.5392,1,10,3,7,156.44,427.464
2.3643,0,1,0,10,9.23,260.466
2.3831,2,4,3,3,90.12,389.459
-0.3824,0,2,0,0,6.48,112.176
-2.1464,1,6,4,6,170.59,405.415
2.856,2,6,1,5,48.3,383.517
9.682,2,8,0,23,71.06,687.792
4.0453,0,2,1,0,37.3,300.442
2.88284,2,4,4,10,118.2,340.427
3.9909,3,12,3,7,154.1,810.989
2.9767,2,6,0,7,68.08,371.437
4.4956,2,4,0,5,15.71,328.481
6.6007,4,7,2,9,81.29,651.829
-0.476,0,4,0,2,52.6,126.133
4.4576,0,1,1,0,20.23,284.443
4.1886,2,2,1,6,23.47,309.453
3.3929,0,3,0,7,27.69,256.386
1.0803,2,3,4,2,82.27,192.218
5.2564,0,1,1,2,20.23,300.486
0.0254,0,1,3,4,88.79,185.275
0.8166,1,4,1,2,69.95,217.232
1.5763,1,1,1,2,26.02,135.21
1.3101,1,3,1,2,63.6,180.159
0.0869,1,7,2,7,118.8,383.517
2.64078,3,5,0,3,74.29,305.341
-2.195,0,3,1,4,60.36,147.174
1.0232,1,5,0,3,84.1,291.72
2.9943,2,2,1,3,24.39,262.356
1.0695,2,4,2,2,64.26,313.405
1.81142,1,4,0,2,86.28,182.135
3.9247,1,7,1,4,94.42,425.481
5.55182,1,2,0,4,26.3,418.736
4.6935,0,4,3,6,69.92,418.618
2.16972,1,5,2,6,67.43,284.381
6.33102,4,5,2,7,57.86,470.613
1.6421,2,5,0,4,80.75,361.419
3.8095,0,7,0,16,109.8,421.576
6.2167,0,1,1,14,37.3,304.474
3.6784,2,4,2,7,90.65,342.395
5.7815,3,3,0,7,23.55,418.968
-2.0716,0,4,2,4,103.45,146.122
2.7221,1,5,1,4,106.51,240.215
-0.0649,2,4,2,0,80.48,135.13
2.1189,1,4,2,3,78.51,331.825
1.8809,0,2,1,8,23.47,173.3
2.7335,0,5,3,12,104.06,382.497
-0.0794,0,3,2,12,49.69,278.437
1.9477,0,2,2,7,40.46,174.284
2.6516,1,3,2,6,80.39,289.375
1.5865,1,5,2,6,104.64,272.326
-2.0544,2,11,10,10,326.39,831.979
1.5955,1,6,2,8,99.18,417.506
0.6279,0,3,2,3,57.61,217.29
2.9499,2,3,1,2,45.33,284.359
3.33929,2,4,2,5,53.84,344.267
8.53184,1,2,1,12,29.46,416.69
-0.2105,2,6,2,2,93.03,236.231
4.43818,4,4,0,3,58.68,349.393
1.756,1,5,3,10,104.73,378.469
1.1029,0,0,0,0,0,164.824
2.9834,2,5,3,5,89.27,304.325
2.519,2,4,1,2,62.4,324.38
2.7722,3,6,4,9,100.27,396.516
4.8781,4,3,0,5,46.09,391.474
4.5707,3,10,1,9,117.78,634.726
0.6318,2,10,5,3,176.61,483.473
6.9362,3,4,0,11,42.68,645.319
1.668,0,3,0,3,27.69,188.267
5.3485,2,3,1,2,54.37,366.844
3.2447,2,4,0,5,28.6,331.847
5.0787,3,11,2,7,133.87,816.943
3.2178,2,2,0,6,12.47,255.361
5.4849,2,6,0,10,71.06,469.361
-0.1879,1,5,3,6,93.81,254.286
4.8944,2,3,0,4,6.48,318.873
1.6609,0,0,0,1,0,265.105
4.9333,0,2,0,3,6.48,344.587
1.3279,1,2,2,3,32.26,165.236
2.98597,4,7,4,9,150.22,471.521
3.3652,0,7,0,10,80.29,290.189
4.59032,4,7,2,7,86.28,493.615
0.2557,0,2,0,3,26.3,146.21
3.6685,2,2,1,3,39.34,402.336
-0.6108,1,12,9,10,242.98,602.641
3.5832,1,4,3,10,86.99,390.52
4.4147,2,5,0,6,48,410.297
5.8465,1,2,2,6,40.46,314.469
1.1224,1,5,1,4,71.36,278.308
2.5851,0,3,3,8,87.66,274.361
4.74942,2,14,5,4,209.04,847.019
2.3096,2,4,2,3,83.83,258.229
4.2142,3,4,1,4,67.51,434.229
1.7111,0,1,0,2,3.24,147.649
-0.4945,0,3,3,3,66.4,163.198
2.2062,2,3,1,6,53.43,284.359
1.7922,1,6,4,2,100.72,342.402
0.9608,2,0,0,3,0,312.132
2.9102,1,1,1,4,20.23,164.248
2.4017,0,1,0,0,17.07,152.237
0.8061,0,4,1,5,81.86,218.253
0.708,0,2,0,2,23.55,206.289
6.7915,4,3,2,5,61.44,529.684
3.54262,2,6,0,12,55.15,390.524
4.1852,0,4,0,2,60.44,370.489
0.0013,2,12,6,5,206.07,543.525
2.9187,1,4,1,4,57.61,319.407
2.1537,0,4,2,6,104.64,272.345
2.48732,1,4,0,2,55.73,243.262
3.875,2,2,0,4,6.48,280.415
2.9007,0,4,0,7,36.92,412.615
2.625,3,7,2,7,140.09,437.451
-0.2121,0,2,1,3,52.32,147.198
1.2723,0,3,3,5,87.66,232.28
2.4342,2,7,1,8,119.08,460.508
-7.3481,1,14,0,20,219.6,522.487
3.8909,2,7,1,6,75.61,432.513
-1.338,0,4,0,0,80.26,96.063
5.4568,3,3,1,3,50.44,424.088
2.6538,2,4,1,1,65.54,336.395
2.2113,3,4,1,1,74.87,389.411
2.4482,0,3,0,5,27.69,216.321
5.6167,3,4,0,8,48.42,409.913
0.8312,2,7,3,4,122.3,275.312
5.9659,0,5,0,4,55.84,557.84
0.6333,0,2,2,2,40.46,132.203
4.3164,0,1,0,16,9.23,330.601
4.3805,0,1,0,8,17.07,218.34
3.2473,0,13,5,7,182.83,764.95
1.5346,2,3,3,3,68.36,325.412
-0.2401,0,2,0,0,34.14,86.936
2.3323,0,6,3,3,104.06,430.541
3.4036,3,5,0,5,49.83,368.408
0.3887,0,1,1,1,20.23,60.096
5.607,1,0,0,0,0,284.784
4.5622,0,3,1,5,26.71,388.64
3.2043,1,3,3,12,66.48,307.478
-6.9775,0,19,5,13,332.4,637.525
2.5589,1,3,1,2,58.69,272.135
4.0633,0,3,0,1,43.37,340.463
