3.7181,2,1,1,2,20.23,212.292
4.2612,3,3,1,6,59.06,388.491
3.3322,0,3,2,0,57.53,336.447
6.3161,3,16,0,10,192.16,949.138
4.9753,4,6,1,4,68.52,409.291
4.648,3,5,0,6,50.06,340.375
0.7772,0,1,1,1,20.23,74.123
3.5401,2,5,0,6,55.84,393.483
2.1656,1,2,1,4,32.34,252.745
1.8667,1,1,0,0,23.79,117.151
1.3427,1,3,0,2,39.44,140.138
4.8397,4,9,3,10,127.36,572.691
4.5973,3,6,1,5,62.35,467.367
2.9016,1,2,0,1,43.14,192.001
6.169,5,9,3,10,133.2,670.822
4.1513,1,6,0,3,43.4,460.59
4.3109,3,4,0,4,42.43,358.441
2.7989,1,1,1,1,32.34,232.205
6.1251,0,4,2,6,66.76,462.715
2.6433,2,3,2,2,61.27,200.241
4.583,4,4,2,4,63.49,426.516
0.851,1,2,2,0,52.04,108.144
1.4455,1,3,1,2,52.32,165.192
6.4984,4,4,3,17,98.74,605.779
2.3056,0,1,1,6,26.02,129.247
2.2257,1,3,1,4,52.32,193.246
2.34,1,0,0,0,0,112.559
1.8551,2,2,2,4,54.12,232.283
1.28282,1,2,2,0,46.25,123.155
3.6126,1,2,2,0,40.46,296.41
1.3114,0,1,1,0,20.23,100.161
1.1989,0,3,1,7,38.69,176.256
3.0853,1,4,0,7,44.76,252.31
5.0994,3,7,1,6,81.91,474.409
5.0498,2,6,0,14,49.39,484.42
3.2829,1,2,0,1,37.38,284.142
5.639,3,5,0,5,55.2,423.925
1.293,1,6,0,8,71.06,282.292
3.5919,2,2,1,7,32.34,316.832
1.4711,2,3,1,1,71.82,163.136
4.4838,3,4,3,16,98.74,529.681
2.13242,1,3,0,0,39.44,192.214
3.908,2,3,2,7,67.01,366.259
2.1218,0,8,0,9,71.06,330.364
2.2348,2,1,0,0,12.89,129.162
1.536,1,4,2,1,89.39,188.57
1.67444,2,5,2,3,98.22,267.31
1.9995,2,8,0,5,66.24,317.332
3.4448,3,0,0,3,0,262.292
6.1174,1,4,4,9,81.17,513.811
3.0798,1,1,1,2,20.23,164.248
5.3425,2,8,1,7,95.34,532.685
1.81142,1,4,0,2,86.28,182.135
3.267,1,2,0,1,43.14,225.553
2.8458,0,5,1,1,80.67,374.477
2.3416,1,2,0,2,12.89,141.239
3.3588,1,0,0,0,0,180.556
5.7017,3,3,1,8,32.7,387.523
3.78422,2,4,2,3,76.66,300.314
0.9564,0,1,0,1,3.24,87.166
4.1677,4,5,2,3,89.71,371.322
2.8305,1,2,2,4,40.46,180.247
6.4292,4,5,0,5,55.2,471.969
3.5832,3,5,1,5,64.35,334.375
4.8326,4,8,4,0,99.68,404.384
5.34808,2,1,0,6,23.79,263.384
-1.917,0,4,4,7,76.1,146.238
1.7771,1,5,2,4,62.73,215.688
4.0874,0,2,0,0,34.14,286.415
2.3392,0,1,1,6,20.23,130.231
1.0376,0,5,4,0,97.99,350.455
2.2289,2,7,1,4,111.43,307.287
1.2708,0,0,0,0,0,251.078
3.46,3,2,0,1,30.21,222.243
1.5973,0,1,1,1,37.3,207.838
6.25676,3,4,0,6,44.76,368.369
2.3939,3,4,3,1,93.61,351.151
3.7079,2,3,2,8,67.01,315.417
4.1686,0,8,3,2,110.14,602.809
5.21292,4,4,2,7,55.51,414.505
1.42302,2,4,1,2,72.19,232.239
1.0096,0,2,0,3,32.67,102.137
3.5742,3,3,2,1,67.59,415.032
5.8465,1,2,2,6,40.46,314.469
2.6641,1,0,0,2,0,232.064
3.0267,3,1,2,0,36.02,183.21
1.59396,0,2,0,3,47.58,108.144
1.3205,2,6,5,0,110.38,302.282
2.932,0,2,0,7,26.3,184.279
2.1615,0,1,1,5,26.02,129.247
5.7489,4,6,1,6,55.63,409.946
2.2888,1,1,0,2,17.07,146.189
-0.1828,1,1,3,3,102.78,205.265
1.7579,1,1,0,1,12.53,120.151
1.92962,1,4,0,2,58.86,174.159
8.1818,1,6,2,6,101.93,675.951
2.5815,1,0,0,1,0,171.037
2.0147,2,4,4,5,111.02,317.276
5.76304,4,0,0,0,0,256.348
5.315,4,4,1,3,65.21,392.458
1.9725,0,0,0,2,0,70.135
4.8392,4,4,2,3,84.66,407.271
4.1161,2,0,0,1,0,233.108
2.1153,3,5,2,2,110.73,255.237
4.2279,3,5,1,9,48.95,419.521
4.5827,3,5,1,9,72.7,383.883
2.29762,1,3,1,1,42.23,219.284
1.81142,1,4,0,2,86.28,182.135
7.9879,3,1,1,11,28.68,374.572
-1.1671,0,3,2,2,80.39,125.149
2.9984,2,9,5,16,163.45,608.736
1.3004,1,3,1,1,63.37,139.11
1.1371,0,1,1,2,20.23,217.888
7.1051,3,10,0,10,143.52,678.786
6.2073,4,7,2,7,90.52,464.514
1.81142,1,4,0,2,86.28,182.135
2.9471,2,3,1,8,41.57,312.413
2.21164,1,2,0,1,43.14,151.165
2.686,0,2,0,6,26.3,170.252
2.21164,1,2,0,1,43.14,151.165
6.066,0,4,0,17,52.6,370.574
7.3845,4,8,4,0,99.68,556.833
1.3077,3,5,3,1,100.71,227.227
3.5919,2,2,1,7,32.34,316.832
4.1557,1,6,0,2,43.4,446.563
-0.4137,1,4,3,4,99.77,199.162
1.2648,0,1,0,3,20.31,129.203
10.1369,2,2,0,10,18.46,943.621
2.9016,1,2,0,1,43.14,192.001
3.63832,3,2,1,4,30.95,282.362
1.90322,1,2,0,1,43.14,137.138
1.6084,0,6,3,1,104.06,392.492
2.243,0,4,0,3,58.86,222.288
0.71812,1,1,1,0,28.68,82.106
2.562,1,2,0,2,26.3,170.595
5.7169,0,1,0,5,17.07,284.443
0.716,0,2,2,5,74.6,146.142
0.2294,0,2,0,1,32.67,74.083
3.47928,3,8,2,8,103.53,433.512
1.0577,1,2,1,3,29.46,138.166
3.6878,3,6,2,6,107.24,545.493
0.936,1,14,13,37,377.12,1157.462
0.4911,1,2,2,1,63.32,137.138
2.4294,0,5,3,1,86.99,378.509
2.7283,1,1,0,2,9.23,148.205
4.6416,4,8,3,8,100.78,431.544
2.699,1,1,1,0,20.23,163.003
3.60614,2,5,2,4,84.5,372.446
0.6726,1,3,3,1,83.55,153.137
1.36602,2,5,2,3,98.22,253.283
2.5756,1,1,1,0,26.02,162.019
4.8433,3,6,1,7,62.35,469.383
3.7992,3,6,1,6,69.4,349.39
3.13044,2,4,0,3,42.68,301.386
4.8392,4,4,2,3,84.66,407.271
5.5963,4,5,1,10,72.7,425.536
5.6667,0,6,2,7,93.06,520.751
0.62928,0,3,0,2,50.09,125.127
2.8944,2,4,4,5,111.02,367.283
1.7485,0,0,0,1,0,68.119
-1.4578,0,4,3,6,115.14,191.139
6.8125,0,12,0,12,126.44,720.897
4.9856,3,5,0,5,55.2,389.48
5.0006,4,7,3,8,87.89,416.529
1.8907,2,5,3,5,122.63,330.749
5.1879,4,6,1,6,55.63,395.919
3.7906,3,5,1,5,60.17,319.364
8.3281,1,12,0,10,118.6,758.842
5.0006,4,7,3,7,87.89,416.529
4.605,3,4,2,4,81,394.233
2.2257,1,3,1,4,52.32,193.246
3.6123,2,2,0,2,38.43,198.225
4.5263,3,4,2,7,78.45,391.471
1.3084,0,2,2,3,40.46,146.23
2.9738,2,3,3,2,60.69,228.247
5.0955,4,6,1,6,55.63,375.501
6.2674,2,8,2,24,83.14,632.89
4.12,2,1,0,4,0,214.333
1.6866,1,0,0,0,0,78.114
-6.5045,0,29,17,14,454.67,1229.323
3.7702,0,5,0,9,18.46,274.413
1.1124,0,7,1,14,67.41,341.553
1.0462,1,1,1,1,29.1,135.166
8.0539,2,1,0,2,9.23,643.587
2.5238,2,4,2,2,77.82,248.717
2.6916,1,1,1,1,37.3,191.013
1.2774,1,2,1,1,35.25,123.155
5.772,4,12,4,4,124.62,566.67
1.0535,2,2,3,1,83.8,176.179
7.2856,0,12,0,10,118.6,710.798
6.25062,3,8,3,13,113.88,564.683
3.5312,3,3,0,4,39.19,333.411
3.7906,3,5,1,5,60.17,319.364
1.7974,1,3,0,2,60.21,165.148
1.5125,4,8,2,2,117.24,307.317
7.9581,0,3,1,3,46.53,498.792
-0.9505,1,6,3,0,110.54,372.377
5.7581,2,8,0,5,111.46,625.553
-2.3274,0,5,5,10,88.13,189.307
2.3893,3,5,2,3,89.71,269.308
2.6916,1,1,1,1,37.3,191.013
3.2711,1,6,0,7,70.83,291.265
-0.3111,1,5,3,7,118.72,294.307
2.21164,1,2,0,1,43.14,151.165
2.9685,0,7,0,2,69.7,424.538
2.4568,1,2,1,3,46.53,221.039
5.5398,3,5,0,9,51.91,450.362
4.2302,3,6,1,6,76.08,355.39
1.3348,1,2,1,1,29.26,136.198
2.23062,1,1,1,0,26.02,141.601
10.3507,5,1,0,17,9.23,597.803
3.4932,2,0,0,0,0,162.619
5.2138,2,8,0,5,111.46,635.559
3.1432,0,4,2,4,80.59,391.572
2.8732,2,7,0,3,66.46,383.4
1.8002,2,7,3,6,137.82,398.4
1.1789,1,1,1,1,20.23,108.14
1.3958,0,1,0,4,3.24,156.056
5.5927,3,3,2,10,67.01,391.515
4.1032,4,8,4,8,113.91,437.935
2.9696,3,3,2,1,67.59,289.136
4.5822,3,6,1,6,63.69,449.576
3.4625,3,5,0,5,45.67,387.483
4.3806,1,4,0,10,52.6,306.402
2.13242,1,3,0,1,39.44,192.214
2.9057,1,1,1,2,20.23,150.221
1.48542,1,3,1,1,69.16,152.153
2.3909,3,5,2,4,89.71,269.308
0.1381,0,2,2,2,40.46,104.149
1.2465,0,2,1,1,32.59,87.122
2.0008,3,5,2,3,89.71,255.281
1.5126,1,6,2,4,121.9,287.231
3.257,3,6,2,6,75.86,325.416
0.6158,0,1,1,2,12.03,73.139
3.3315,0,3,1,3,63.6,292.375
1.90322,1,2,0,1,43.14,137.138
2.3626,0,0,0,3,0,84.162
6.2558,0,6,1,4,74.22,542.757
4.29722,4,9,2,8,124.56,557.579
1.4008,1,2,1,1,29.46,124.139
3.7688,2,3,2,5,43.7,325.452
4.74762,2,6,4,9,101.9,567.796
1.20518,0,2,1,0,44.02,125.171
2.323,1,4,2,3,92.47,292.213
0.3524,1,4,2,2,76.21,158.182
4.2464,0,2,0,10,26.3,226.36
4.958,4,6,3,5,92.09,448.958
2.9088,2,5,2,6,68.15,304.342
3.89162,3,5,1,5,64.35,348.402
3.3462,3,9,0,7,118.98,387.348
3.3724,1,1,0,1,17.07,209.459
5.5995,2,1,1,2,20.23,370.49
2.7607,0,2,2,2,57.53,250.338
3.8494,1,1,0,1,17.07,223.486
5.45702,4,4,1,5,59.29,406.436
0.58976,0,2,0,0,47.58,78.074
3.8991,3,5,4,6,100.08,452.946
1.0554,1,3,1,1,52.32,151.165
0.4097,1,1,1,0,28.68,68.079
-0.2014,2,3,3,0,91.74,177.163
5.6422,0,12,0,9,126.44,678.816
0.5792,0,7,4,1,124.29,408.491
3.6251,3,3,1,3,59.06,372.448
5.0006,4,7,3,8,87.89,416.529
2.5971,3,8,3,8,100.78,355.446
2.9385,2,2,1,7,32.34,282.387
5.0663,1,2,2,4,40.46,286.415
3.701,2,2,1,7,32.34,361.283
1.2857,1,3,0,2,43.37,164.16
3.8262,2,2,0,2,34.14,287.167
6.1613,5,9,2,7,94.72,615.777
1.51032,2,4,0,4,62.13,290.726
6.1879,2,0,0,2,0,318.03
2.4335,1,1,1,1,32.34,198.653
-0.2488,0,2,2,3,40.46,90.122
-0.0175,0,3,0,2,43.37,124.161
2.18162,2,4,2,0,74.6,254.241
3.45664,2,0,0,0,0,156.228
4.0949,1,2,0,3,18.46,244.334
4.3956,4,8,3,8,100.78,417.517
4.701,3,4,0,5,42.43,372.468
2.912,3,11,1,6,123.4,481.461
1.6831,1,3,1,3,74.68,270.093
5.1047,2,8,0,5,111.46,591.108
2.808,2,3,1,5,45.48,298.386
3.9591,0,2,1,0,37.3,290.447
5.7372,5,0,0,0,0,252.316
4.3956,4,8,3,7,100.78,417.517
3.2335,0,2,2,2,74.6,388.845
1.47618,0,1,0,1,23.79,81.118
0.3181,1,5,3,4,112.73,349.412
5.8612,4,8,4,0,99.68,437.294
0.9579,0,2,0,1,26.3,102.133
3.2414,0,1,1,2,12.03,181.323
-0.404,0,2,2,0,110.9,116.08
-0.6271,1,8,3,4,136.84,458.467
2.5463,2,4,2,5,64.93,355.413
2.3491,1,3,1,4,46.53,194.23
3.3668,0,0,0,0,0,138.254
1.55042,2,4,0,2,30.17,231.299
2.5166,0,2,0,0,34.14,245.876
4.6484,4,9,1,6,117.87,474.473
4.6417,2,3,1,5,38.33,333.431
1.7379,1,3,2,4,75.27,276.745
5.162,3,8,3,11,113.88,522.602
4.1166,3,4,1,6,62.3,373.456
1.7038,1,2,0,2,18.46,138.166
4.05914,4,5,4,6,107.05,408.433
1.9777,0,0,0,1,0,110.971
1.8871,2,4,1,1,48.14,180.232
6.1807,1,4,4,17,97.99,408.579
2.9725,2,2,0,4,26.3,226.275
3.3536,2,0,0,1,0,154.212
2.3222,1,3,2,1,76.21,241.461
4.2393,1,1,0,7,17.07,216.324
4.7568,4,8,1,5,83.96,473.529
1.3716,0,2,0,3,26.3,128.171
2.5214,1,5,3,7,87.66,358.438
1.6675,1,2,1,2,35.25,137.182
3.57324,1,2,1,6,46.53,250.338
4.50848,3,7,1,8,83.3,417.513
4.5446,0,4,0,12,44.76,266.318
4.4205,2,5,2,3,83.03,455.312
6.0976,3,5,0,10,51.91,476.4
1.37246,0,4,0,2,47.58,130.197
4.64,3,6,1,7,73.38,465.356
1.60142,1,3,1,2,80.44,181.147
4.579,4,11,1,7,123.4,557.559
4.0005,2,4,0,7,52.6,312.365
1.9771,0,2,0,2,24.72,126.203
0.586,0,3,0,4,35.53,132.159
2.3678,0,0,0,1,0,124.998
0.8928,0,4,0,5,52.6,174.196
-0.3423,0,1,1,1,43.09,71.079
0.4865,0,3,1,3,46.53,144.17
2.0202,0,0,0,2,0,124.998
1.5163,1,3,0,3,35.53,166.176
2.465,1,3,0,4,35.53,232.279
5.759,4,7,1,5,74.73,497.473
-0.4076,0,3,0,1,43.37,110.134
3.0426,3,7,3,8,87.37,354.458
8.5289,0,4,0,4,52.6,540.829
0.19,1,5,2,3,123.76,198.138
5.8665,3,1,1,7,28.68,304.437
2.48576,1,3,2,1,66.76,250.294
1.6116,1,3,1,3,52.32,177.203
6.3765,4,5,1,12,72.7,453.59
3.8717,1,3,1,5,55.17,317.094
7.336,3,8,0,9,100.38,651.779
1.5948,1,2,0,1,43.14,123.111
0.0684,0,3,1,2,75.76,117.108
4.0152,3,3,1,4,59.06,386.475
0.7614,0,1,0,1,17.07,70.091
1.2033,0,1,1,2,37.3,112.128
3.3211,3,0,1,0,15.79,167.211
4.2641,4,8,3,9,100.78,431.544
2.4989,1,3,0,1,19.14,284.408
1.8525,0,0,0,1,0,112.987
4.0505,4,3,1,3,46.5,308.772
3.1505,2,1,1,0,12.03,221.303
6.3741,4,5,0,11,51.91,512.433
1.0376,0,5,4,0,97.99,350.455
6.433,1,4,0,14,52.6,390.564
1.8667,1,1,0,0,23.79,117.151
3.2618,2,2,0,2,43.14,199.209
1.28282,1,2,2,0,46.25,123.155
1.0734,0,2,0,2,34.14,152.964
2.3874,0,7,1,2,106.97,432.513
5.3777,0,0,0,2,0,411.798
6.0964,2,7,1,6,86.11,581.555
1.7305,0,3,0,4,38.66,117.148
3.89162,3,5,1,5,64.35,348.402
5.7756,4,8,1,5,83.96,541.526
1.8166,0,6,2,1,100.9,390.476
0.7117,0,17,12,3,319.61,924.091
5.4506,0,7,2,4,94.45,560.772
4.2084,1,2,0,1,43.14,260.891
3.2061,2,6,2,4,69.2,482.382
-1.4322,0,2,4,0,76.1,150.232
2.5756,1,1,1,0,26.02,162.019
1.7481,1,1,0,0,0,84.143
1.0392,0,5,4,1,97.99,350.455
5.398,2,1,1,8,28.68,284.447
3.5203,2,5,2,4,65.96,427.302
5.3469,4,8,4,0,99.68,420.839
3.7675,4,9,4,7,121.01,473.581
4.7235,0,2,0,1,34.14,314.469
3.8911,2,4,0,5,38.77,363.457
1.1496,1,2,2,2,41.13,150.181
1.7255,3,4,2,1,74.69,212.212
1.8186,1,2,0,2,6.48,164.252
7.0895,0,2,2,1,57.53,456.711
2.0668,0,4,3,0,77.76,334.456
6.2036,4,4,2,3,40.46,350.464
1.44986,0,2,0,2,47.58,108.144
5.8845,0,1,1,14,37.3,280.452
2.5756,1,1,1,0,26.02,162.019
3.8694,2,5,1,7,59,381.472
3.3616,1,1,0,3,17.07,204.313
0.9579,0,2,0,1,26.3,102.133
4.04858,3,8,1,9,86.54,460.582
2.6182,0,2,0,8,21.76,186.295
0.5155,1,3,2,1,80.39,173.193
0.0582,0,10,4,8,145.17,503.589
7.9828,0,12,0,15,126.44,762.978
7.82262,2,8,5,21,161.59,622.821
2.18692,2,3,1,0,38.91,164.233
2.4931,3,6,2,6,107.24,483.475
1.3457,1,3,0,1,29.96,127.168
5.1846,3,2,0,3,26.3,326.395
4.79522,3,7,2,8,70.15,492.468
2.233,2,3,2,0,57.53,226.231
2.3722,1,4,0,6,52.6,246.262
2.0668,0,4,3,0,77.76,334.456
7.2914,2,1,0,2,9.23,564.691
5.8678,3,3,0,6,27.69,380.871
3.92732,3,4,1,4,68.53,357.793
3.974,4,12,1,7,136.29,558.547
2.30344,1,0,0,0,0,106.168
3.46882,1,3,0,0,39.44,258.317
2.734,2,6,0,7,65.07,395.455
3.0132,4,9,3,7,112.22,459.554
3.4834,4,8,4,8,108.12,404.474
2.6683,2,3,1,4,52.32,241.29
2.5319,2,3,1,0,38.91,184.651
2.5287,0,0,0,1,0,108.184
2.4315,0,1,1,6,37.3,144.214
6.2258,0,6,2,5,101.93,599.853
7.176,3,4,0,12,32.78,522.733
0.909,1,5,3,6,112.7,323.132
-0.2826,0,2,1,2,46.53,90.078
3.7128,2,6,1,7,74.22,358.39
1.2019,0,2,0,5,21.76,130.187
5.9663,3,5,2,7,68.15,420.505
6.3889,0,5,2,6,87.07,585.87
2.0407,1,5,0,5,65.07,317.341
2.0755,0,5,1,1,74.22,298.335
4.8221,3,6,1,6,57.15,372.442
3.475,0,0,0,4,0,136.238
5.858,4,6,1,6,55.63,454.397
5.39534,3,5,2,2,67.15,413.521
4.1315,4,5,1,2,73.8,393.244
1.75432,2,6,1,2,85.97,316.309
4.2453,2,2,1,7,32.34,351.277
2.1662,0,6,2,7,77.38,210.226
3.974,4,12,1,7,136.29,558.547
-0.19628,1,6,2,3,133.08,267.245
1.1788,1,3,1,1,46.53,152.149
1.4986,1,3,2,3,66.76,194.186
4.4197,4,3,3,2,81.24,277.283
4.6076,0,4,0,2,60.44,416.945
1.4784,1,4,0,2,44.76,194.186
1.50858,2,5,0,4,67.39,213.244
2.04,1,4,0,4,52.6,222.24
1.48542,1,3,1,1,69.16,152.153
7.5611,4,3,0,12,25.61,427.588
2.5724,2,5,2,4,85.25,290.323
1.3176,0,1,0,2,17.07,96.129
3.481,3,3,1,4,59.06,360.437
3.6295,2,4,0,4,56.89,258.277
0.3098,0,1,1,1,37.3,94.497
2.4092,2,8,1,4,92.68,414.41
4.97288,3,8,1,9,86.54,500.647
0.9854,0,1,0,2,17.07,72.107
4.1949,2,2,0,8,12.47,303.833
5.929,2,0,0,3,0,320.046
3.0109,1,4,1,3,55.76,276.332
2.1965,0,0,0,2,0,72.151
8.1388,0,4,0,3,52.6,526.802
1.69322,1,1,1,1,37.3,136.15
5.1295,2,3,0,11,27.69,384.54
1.5985,2,5,2,4,96.34,337.261
2.6114,2,3,1,2,46.53,214.22
3.2565,3,6,2,7,97.83,394.431
2.5456,1,3,0,3,35.53,230.263
2.00904,1,1,1,0,20.23,122.167
4.80812,3,7,1,5,78.43,532.489
-0.7977,1,2,2,0,65.72,130.078
1.8214,0,1,0,2,9.23,102.177
-0.2105,2,6,2,2,93.03,236.231
6.6092,4,10,4,2,118.14,564.45
1.2842,1,2,0,1,29.96,121.139
5.415,3,5,0,5,55.2,421.909
1.286,1,3,1,2,44.48,153.181
-1.4074,0,6,4,2,107.22,176.124
0.81376,0,2,0,1,47.58,80.09
4.6416,4,8,3,8,100.78,431.544
5.2466,4,7,3,8,87.89,430.556
3.23477,2,3,1,4,30.33,267.376
5.1569,4,9,2,9,88.33,525.078
5.17124,4,8,4,0,99.68,396.458
2.2182,2,9,5,14,163.45,580.682
5.4072,3,9,0,6,113.52,571.674
2.951,2,5,3,3,82.95,400.232
3.0426,3,7,3,8,87.37,354.458
2.30344,1,0,0,0,0,106.168
1.1823,0,2,1,2,29.46,132.203
6.8702,4,8,4,0,99.68,540.378
-1.029,0,2,2,1,40.46,62.068
3.45664,2,0,0,0,0,156.228
3.5981,2,7,1,7,77.46,425.481
1.402,1,3,1,4,41.57,268.744
3.212,2,4,0,4,58.86,250.257
2.4328,2,1,0,0,13.14,118.135
0.8826,1,4,2,1,89.39,154.125
4.11838,3,7,1,8,83.3,403.486
-0.7077,0,2,2,1,52.04,74.127
5.2138,2,8,0,5,111.46,635.559
0.4642,0,2,2,5,52.04,116.208
3.0202,3,8,1,6,101.86,357.366
5.37962,4,2,1,5,30.95,358.46
0.2681,1,7,3,6,138.77,257.202
2.3939,3,4,3,1,93.61,351.151
1.2683,2,5,2,3,74.57,319.336
1.0594,0,2,0,5,18.46,118.176
1.3365,0,2,0,1,43.14,218.832
6.7122,0,5,1,4,70.08,610.924
2.1525,1,1,0,1,17.07,140.569
3.5741,2,2,0,1,12.36,185.251
1.2086,1,5,1,2,106.51,184.107
4.6684,3,3,2,7,67.01,363.461
4.5101,4,8,3,9,100.78,445.571
2.54322,2,1,0,0,12.89,143.189
2.0052,0,4,0,9,52.6,226.272
0.9744,1,2,2,0,46.25,109.128
-0.5941,1,7,2,2,90.37,229.261
2.44172,1,3,1,1,42.23,207.273
4.6182,0,1,0,0,17.07,490.639
2.61,2,3,1,5,45.23,309.413
4.48132,3,1,2,3,41.81,329.241
1.1842,1,2,1,3,52.32,165.192
1.8785,2,3,1,0,38.91,150.206
2.6916,1,1,1,1,37.3,191.013
1.396,0,1,1,4,12.03,101.193
1.6365,1,3,1,2,55.17,152.153
4.6452,4,4,2,3,76.82,395.26
1.47644,2,5,2,3,97.97,278.337
1.7913,0,0,0,1,0,122.993
3.2666,2,6,0,6,65.07,409.482
1.6211,3,6,1,2,78.85,255.281
5.08088,4,7,1,8,83.3,465.557
2.4425,0,0,0,0,0,86.178
0.7355,0,2,0,1,26.3,100.117
3.5918,3,6,1,6,73.58,364.401
2.0285,3,4,1,2,63.69,226.239
4.2801,3,3,2,7,44.37,387.527
2.4931,3,6,2,6,107.24,483.475
3.5204,2,3,1,6,55.76,278.244
4.2812,2,4,0,5,38.77,377.484
5.7756,4,8,1,5,83.96,541.526
0.6474,0,7,4,4,132.13,422.518
4.1161,2,0,0,1,0,233.108
3.5832,3,5,1,5,64.35,334.375
2.7851,0,3,1,5,37.3,206.332
6.074,3,5,0,9,51.91,476.4
3.2018,2,2,1,6,32.34,302.805
0.9527,0,2,0,1,25.06,140.182
8.08024,6,12,2,7,215.88,678.752
4.8907,3,5,1,3,59.06,384.819
4.6405,4,12,1,7,123.4,563.588
1.7526,1,1,0,1,3.24,121.183
6.46,2,1,1,10,28.68,316.464
7.9594,3,8,0,9,100.38,712.685
4.6484,4,9,1,6,117.87,474.473
-1.1968,0,4,4,4,80.92,155.11
1.6084,0,6,3,1,104.06,392.492
0.0784,2,7,2,2,99.08,235.247
3.1358,0,1,0,7,12.53,156.269
1.2774,1,2,1,1,35.25,123.155
4.5523,0,0,0,0,0,272.773
4.3536,3,6,1,6,70.29,356.374
1.60142,1,3,1,2,80.44,181.147
3.1641,2,1,1,2,32.34,226.279
0.07308,0,3,0,1,50.09,99.089
2.35402,1,1,1,0,20.23,142.585
3.7992,3,6,1,6,69.4,349.39
2.00904,1,1,1,0,20.23,122.167
4.25948,3,8,2,10,103.53,461.566
2.7492,2,3,1,3,46.53,228.247
4.353,3,8,2,12,128.82,496.516
1.0376,0,5,4,0,97.99,350.455
6.1085,0,1,1,15,37.3,282.468
1.6274,0,2,0,1,0,94.204
-0.5046,1,6,2,2,90.37,211.221
4.04042,3,5,1,5,63.99,377.469
1.60142,1,3,1,2,80.44,181.147
2.81,1,0,0,1,0,120.195
5.5726,1,10,2,4,132.04,668.784
1.934,1,2,0,2,43.14,149.149
0.09202,1,5,1,3,81.19,171.156
2.2437,2,7,4,7,106.42,487.354
6.609,2,2,2,2,40.46,406.907
1.3386,2,13,3,5,160.83,588.562
3.8248,2,2,2,1,52.04,253.132
6.1267,4,5,1,6,70.14,484.358
4.1529,4,7,4,6,117.9,490.955
2.3627,3,10,5,4,155.14,482.441
2.7355,0,2,0,1,20.31,187.308
4.49102,3,6,2,6,66.91,370.503
5.7218,0,2,2,10,74.6,380.484
4.8286,2,2,2,4,40.46,268.356
-0.4517,0,2,2,4,58.2,154.169
6.7212,1,4,0,16,52.6,390.564
4.7721,0,1,1,12,37.3,228.376
1.95342,1,1,1,1,29.1,149.193
3.9871,2,5,4,8,90.46,419.525
4.3227,0,2,0,13,21.76,242.403
3.135,3,7,1,5,86.84,328.324
2.0853,1,3,1,3,38.33,233.311
6.6853,3,1,1,4,37.3,424.34
2.699,1,1,1,0,20.23,163.003
2.0253,0,0,0,2,0,92.569
5.6554,4,3,2,2,67.59,433.231
2.4017,0,1,0,5,17.07,128.215
4.1711,3,10,1,8,117.78,608.688
2.9934,1,0,0,0,0,147.004
5.6015,1,4,0,5,44.76,365.964
5.6554,4,3,2,2,67.59,433.231
1.88564,1,1,1,0,26.02,121.183
2.2071,3,3,2,1,67.59,210.24
5.7218,0,2,2,10,74.6,380.484
8.1967,0,4,1,4,66.84,609.936
1.3172,1,3,1,4,35.58,281.787
1.3928,0,1,1,2,12.03,101.193
0.4092,1,4,2,4,109.54,224.172
3.79867,2,3,3,2,75.89,287.366
3.0786,0,0,0,0,0,138.254
2.9702,3,2,1,0,38.91,194.237
-1.0081,1,4,1,0,56.73,84.082
4.584,4,0,0,0,0,202.256
4.0086,4,7,1,6,93.88,407.426
1.48542,1,3,1,1,69.16,152.153
2.2743,1,5,0,3,53.99,274.272
2.5756,1,1,1,0,26.02,162.019
2.47702,1,1,0,3,20.31,191.274
-1.4716,0,2,3,0,81.14,75.071
2.6916,1,1,1,1,37.3,191.013
3.9337,2,3,1,8,62.3,391.515
0.624,0,1,0,1,12.53,92.525
3.1123,0,1,0,6,17.07,162.66
6.4641,3,5,0,9,51.91,490.427
-0.6626,0,4,4,7,149.2,234.16
2.8359,0,5,2,0,75.99,390.52
2.9016,1,2,0,1,43.14,192.001
3.2206,1,2,2,5,40.46,194.274
1.2272,1,2,2,1,55.12,150.181
4.7516,3,5,1,3,59.06,366.829
5.09308,2,6,0,13,63.95,454.611
3.0045,2,3,1,8,35.58,325.456
0.8725,1,2,0,2,26.3,336.74
2.0289,0,0,0,1,0,133.405
1.293,1,3,1,2,80.44,167.12
4.8828,1,6,1,4,58.18,457.489
2.64377,4,7,5,10,175.13,503.519
5.1932,3,3,0,4,35.53,356.421
2.5971,3,8,3,8,100.78,355.446
4.5716,4,10,4,2,118.14,428.456
1.7862,1,4,3,3,77.76,196.202
1.2272,1,2,2,1,55.12,150.181
2.00904,1,1,1,0,20.23,122.167
1.77262,1,2,0,3,21.76,164.204
1.4806,0,1,0,4,9.23,143.013
3.79472,1,3,0,3,39.44,262.349
2.22549,2,1,2,0,31.58,150.206
1.503,1,4,0,2,86.28,168.108
3.2422,0,2,0,5,26.3,196.29
0.3713,0,1,0,1,17.07,56.064
0.9231,2,2,1,0,45.75,146.149
4.68732,4,9,2,8,124.56,571.606
4.7616,3,5,0,5,55.2,387.464
1.5519,0,1,0,2,17.07,106.552
0.5379,1,2,2,2,58.2,218.256
2.00904,1,1,1,0,20.23,122.167
1.51262,2,4,2,0,70.67,192.17
1.67,0,2,0,7,6.48,172.316
1.293,1,3,1,2,80.44,167.12
0.9724,0,2,2,2,40.46,245.898
3.6468,1,0,0,0,0,181.449
2.30344,1,0,0,0,0,106.168
6.90752,5,2,1,6,30.95,416.568
1.9738,1,3,0,2,60.21,185.566
0.0892,0,3,1,1,26.3,106.146
3.7638,1,3,1,2,46.53,262.349
2.783,3,2,0,0,25.78,180.21
0.7355,0,2,0,2,26.3,100.117
3.7906,3,5,1,5,60.17,319.364
0.3205,0,2,1,4,23.47,117.192
3.8257,0,2,0,2,24.72,206.333
1.09392,1,1,1,1,43.09,135.166
4.5569,3,4,0,7,42.43,360.457
-0.0838,1,3,2,1,86.18,172.209
-1.72356,1,9,5,5,161.56,376.369
2.0668,0,4,3,0,77.76,334.456
-0.0777,0,3,0,0,27.69,90.078
-0.4245,1,3,1,1,68.87,123.115
0.6768,0,6,0,6,77.66,284.308
0.1246,2,4,2,1,108.86,207.145
3.88104,3,5,1,9,92.26,468.557
0.3454,0,2,0,1,26.3,86.09
2.8081,3,6,2,6,107.24,495.486
-1.0602,1,6,3,2,104.55,307.1
1.1672,2,0,1,5,18.58,242.366
4.7759,4,6,1,6,45.98,377.517
3.89162,3,5,1,5,64.35,348.402
2.5971,3,8,3,8,100.78,355.446
1.4412,0,1,1,0,37.3,163.387
4.3956,4,8,3,8,100.78,417.517
1.347,1,4,1,6,44.81,331.46
0.5694,0,2,0,1,26.3,88.106
2.6958,2,2,1,0,38.91,198.269
3.699,0,0,0,7,0,138.254
2.3953,1,2,2,0,40.46,166.22
4.3109,3,4,0,4,42.43,358.441
4.8691,4,7,3,9,87.89,430.556
2.4711,1,3,3,8,78.43,264.325
1.8667,1,1,0,0,23.79,117.151
4.29562,1,1,1,0,20.23,220.356
3.3524,1,1,1,0,20.23,197.448
0.5792,0,7,4,1,124.29,408.491
1.6838,2,4,2,2,86.18,248.307
4.2505,2,2,2,4,24.06,226.323
2.2453,2,7,4,8,106.42,487.354
1.9777,0,0,0,1,0,110.971
3.8711,3,3,1,5,59.06,374.464
3.555,1,2,0,1,43.14,226.446
2.4692,3,11,3,8,130.64,558.734
3.3524,1,1,1,0,20.23,197.448
1.7367,1,4,3,4,69.92,262.305
5.1623,4,6,1,6,84.65,405.454
4.51708,4,8,2,12,103.53,483.572
2.4113,1,2,1,2,29.46,152.193
2.31792,3,11,4,6,197.18,506.471
2.1081,1,1,0,2,17.07,154.596
1.88407,2,2,2,0,62.23,195.225
6.158,0,5,2,6,73.24,612.94
2.878,0,1,0,4,17.07,152.237
6.0236,0,4,3,5,73.05,433.677
5.1318,1,3,0,9,35.53,333.255
4.1513,1,6,0,3,43.4,460.59
0.3798,0,2,0,0,3.24,120.222
4.6436,0,2,0,0,34.14,312.453
4.2641,4,8,3,8,100.78,431.544
2.9726,1,0,0,2,0,130.19
1.7921,1,3,1,5,41.57,282.771
5.7554,2,4,1,4,38.33,393.552
5.4072,3,9,0,6,113.52,571.674
1.3004,1,3,1,1,63.37,139.11
4.75448,3,7,1,8,83.3,431.54
1.4698,0,4,1,3,50.69,190.268
7.5366,0,6,1,7,98.9,573.815
3.8972,3,0,0,0,0,190.245
1.4149,0,1,1,3,20.23,102.177
1.78162,1,2,0,1,26.3,150.177
1.60142,1,3,1,2,80.44,181.147
3.7448,3,4,1,5,51.47,329.783
1.083,1,2,2,2,74.6,166.132
1.0271,0,5,3,1,104.06,346.379
3.8717,1,3,1,5,55.17,317.094
5.9184,1,6,1,3,48.95,459.53
5.71562,3,9,0,6,113.52,585.701
-1.2666,0,2,3,0,98.21,103.081
5.2556,3,5,0,6,36.92,374.433
3.639,1,1,1,2,20.23,178.275
2.5478,3,4,0,1,52.58,216.192
2.8564,4,9,4,4,195.99,502.482
-1.2386,1,3,3,1,103.02,156.097
2.6897,1,1,1,0,20.23,150.221
1.6549,0,2,0,1,29.43,125.171
5.15458,4,7,1,10,83.3,453.546
2.54322,2,1,0,0,12.89,143.189
2.75752,1,0,0,0,0,171.037
2.6318,2,3,1,3,46.53,228.247
2.221,1,2,0,2,17.07,152.218
2.7199,3,5,2,2,110.73,381.133
0.9444,0,2,0,2,26.3,167.002
0.9834,0,4,2,6,104.64,218.253
-0.0014,0,1,1,0,20.23,46.069
4.5251,0,4,4,5,80.92,436.677
2.27652,1,3,0,0,39.44,204.225
4.0336,2,4,0,5,38.77,363.457
4.595,4,4,3,3,96.69,422.286
2.422,2,1,1,0,26.02,143.189
0.2211,1,4,3,1,100.62,189.192
0.4784,1,4,1,1,89.31,192.13
5.4545,4,7,2,6,75.86,425.945
3.1256,2,2,2,3,24.06,184.242
0.5582,1,6,3,2,110.54,440.496
4.665,4,10,1,6,127.1,518.526
4.4605,3,6,0,7,67.13,368.385
1.5956,0,2,0,3,26.3,130.187
2.4566,2,4,1,7,75.48,313.357
-1.0124,0,3,2,4,49.69,106.121
1.80347,3,9,5,7,203.01,428.434
3.1428,0,0,0,5,0,112.216
3.438,3,7,0,6,75.84,342.351
4.62854,4,6,1,5,80.12,469.57
1.9222,1,1,1,0,26.02,127.574
4.2448,4,14,4,4,143.08,598.668
4.595,4,4,3,3,96.69,422.286
4.008,0,10,2,7,132.04,648.794
2.8529,1,3,1,5,55.17,249.097
5.6828,0,0,0,0,0,409.782
3.2686,2,3,3,5,77.76,286.327
6.4292,4,5,0,5,55.2,471.969
6.4737,2,2,2,2,40.46,543.875
4.5876,4,12,1,8,132.63,587.585
2.8081,3,6,2,6,107.24,495.486
6.2146,4,12,4,4,152.28,581.42
1.1659,0,2,2,5,40.46,146.23
1.2284,2,10,6,9,208.12,474.374
1.8987,1,1,0,2,17.07,132.162
4.3956,4,8,3,8,100.78,417.517
2.54322,2,1,0,0,12.89,143.189
7.18202,3,4,0,6,44.76,410.45
4.3936,2,1,0,3,6.25,329.467
2.64842,1,0,0,0,0,126.586
2.7186,0,14,2,5,166.9,654.706
2.5214,1,5,3,7,87.66,358.438
0.8826,1,4,2,1,89.39,154.125
0.645,1,3,3,3,52.49,167.208
5.1994,4,6,3,6,105.87,463.929
3.4149,1,1,0,2,17.07,223.486
0.3701,1,6,3,7,104.86,242.231
2.5316,0,2,0,1,18.46,146.23
3.07822,2,4,0,1,52.58,244.246
0.9333,1,2,1,1,54.37,158.178
3.8552,2,2,1,6,32.34,337.25
2.422,2,1,1,0,26.02,143.189
2.8103,1,6,0,3,71.06,352.77
3.15862,1,3,0,0,39.44,258.317
2.8059,1,1,0,1,17.07,175.014
1.2418,1,4,0,6,43.52,222.24
3.3384,2,3,1,3,55.17,214.224
3.4839,3,5,1,1,69.62,301.781
6.6467,3,1,1,6,28.68,344.502
0.6937,1,3,1,2,86.23,166.136
5.55542,3,4,0,5,27.69,358.434
2.8607,0,4,0,9,44.76,285.491
6.8542,3,5,0,9,51.91,504.454
3.2613,2,7,1,4,85.36,362.794
4.6799,4,9,2,9,88.33,511.051
3.4789,2,1,0,2,9.23,170.211
3.3866,3,4,0,4,42.43,318.376
1.1515,0,1,0,2,17.07,84.118
5.6554,4,3,2,2,67.59,433.231
-0.2882,0,2,2,2,74.6,116.072
1.3787,1,5,3,5,95.63,280.202
3.0776,2,2,1,7,32.34,300.377
2.0456,1,1,1,0,20.23,128.558
0.7592,1,4,2,1,95.18,153.141
1.1973,1,2,1,2,54.37,150.133
5.405,3,5,1,3,59.06,401.274
1.6042,1,2,1,3,46.17,177.203
4.0527,3,5,2,5,73.21,427.302
2.4491,1,0,0,0,0,157.01
2.9696,3,3,2,1,67.59,289.136
2.9696,3,3,2,1,67.59,289.136
2.0714,0,0,0,2,0,147.432
1.6201,0,0,0,1,0,143.411
7.619,0,1,1,6,20.23,384.648
1.47618,0,1,0,2,23.79,81.118
5.4503,3,3,0,6,27.69,310.289
5.9864,4,5,1,11,72.7,439.563
5.5927,3,3,2,7,67.01,403.526
3.2081,1,3,1,3,72.24,276.214
1.2774,1,2,1,1,35.25,123.155
0.4586,0,6,3,0,107.36,364.438
3.555,1,2,0,1,43.14,226.446
5.0241,3,10,2,9,102.93,614.216
3.6468,1,0,0,0,0,181.449
4.75448,3,7,1,8,83.3,431.54
7.6259,0,3,2,3,60.77,567.899
5.3174,3,5,0,10,51.91,448.346
4.4872,3,0,0,0,0,202.256
3.61302,1,5,0,5,27.69,278.335
2.5085,0,0,0,0,0,197.381
3.0724,3,5,0,4,45.67,373.456
4.6036,4,8,3,7,106.05,456.598
1.08608,0,1,0,0,23.79,67.091
2.71282,1,1,0,0,13.14,150.221
1.3148,0,7,3,3,113.29,424.534
2.06102,1,1,0,1,3.24,135.21
9.0618,1,4,0,22,52.6,474.726
11.2452,0,0,0,28,0,466.903
2.8406,3,8,2,5,107.07,344.323
2.7449,2,1,2,2,50.41,211.268
0.4067,0,1,0,0,9.23,58.08
0.7123,0,10,3,9,134.17,517.616
1.0392,0,5,4,1,97.99,350.455
2.5352,2,4,2,3,70.5,244.294
5.5726,1,10,2,4,132.04,668.784
1.4642,1,2,0,3,21.76,150.177
1.873,1,2,0,1,43.14,159.091
4.5036,2,4,0,6,38.77,379.5
0.967,1,2,2,1,63.32,137.138
1.047,0,4,0,1,44.76,174.196
5.9315,3,5,0,11,51.91,464.389
1.15,0,1,1,0,12.03,99.177
-0.2514,1,14,13,17,372,1182.472
1.6675,1,2,1,2,35.25,137.182
1.3506,1,2,2,1,49.33,151.165
1.464,0,0,0,1,0,98.96
5.108,0,12,0,6,126.44,664.789
6.5018,4,6,1,13,81.93,469.589
2.2616,1,1,0,1,17.07,185.02
3.7486,2,2,2,2,52.04,267.159
1.5157,0,2,0,4,26.3,128.171
5.5684,0,10,2,11,132.04,704.902
2.9726,1,0,0,2,0,130.19
4.2641,4,8,3,9,100.78,431.544
-0.0807,1,5,4,2,137.92,233.201
2.3949,0,5,0,0,53.99,282.336
-0.83744,0,4,2,0,99.62,108.104
3.3588,1,0,0,0,0,180.556
2.2876,1,1,1,0,26.02,161.126
4.939,3,1,1,5,19.03,318.464
2.81018,2,3,1,7,56.13,307.397
1.1292,1,4,4,4,72.72,211.261
7.405,0,5,0,4,53.99,564.754
2.0382,1,1,1,1,37.3,156.568
1.7497,1,2,0,2,26.3,150.177
2.5557,1,2,1,5,32.34,266.772
1.7306,1,2,2,2,40.46,215.967
3.2227,2,7,2,7,78.43,526.435
4.5251,0,4,4,5,80.92,436.677
2.2874,0,1,1,5,37.3,144.214
3.8098,3,4,1,5,45.23,331.419
1.60142,1,3,1,2,80.44,181.147
4.3536,2,4,2,3,62.72,463.129
2.2181,0,14,6,7,203.06,780.949
1.88564,1,1,1,0,26.02,121.183
2.114,0,5,3,4,100.82,407.571
4.3956,4,8,3,8,100.78,417.517
3.8078,3,7,1,7,78.63,379.416
7.8988,4,8,4,0,99.68,573.288
3.782,3,4,1,4,50.94,289.338
4.1241,1,2,1,9,46.53,250.338
1.7482,1,1,0,2,3.24,135.21
1.13888,0,1,0,1,23.79,89.525
3.14822,2,0,0,0,0,142.201
3.6468,1,0,0,0,0,181.449
3.9871,2,5,4,8,90.46,419.525
0.8102,0,2,0,3,21.76,116.16
3.1628,1,0,0,1,0,161.031
4.3956,4,8,3,8,100.78,417.517
2.6864,3,3,1,1,41.57,201.254
0.7637,0,1,1,2,20.23,138.992
5.6105,4,6,0,8,53.35,440.471
3.7906,3,5,1,5,60.17,319.364
6.4825,1,3,3,16,60.69,364.57
3.5048,3,7,2,6,89.63,365.389
2.4922,2,7,1,7,91.29,346.335
4.9556,1,2,1,2,29.46,286.415
1.2549,1,1,1,2,29.1,121.139
1.58582,1,2,1,1,35.25,137.182
2.6521,3,8,0,3,76.86,381.388
3.2021,3,7,3,8,87.89,354.458
2.9135,0,3,0,1,37.38,300.594
3.5742,3,3,2,1,67.59,415.032
2.0668,0,4,3,0,77.76,334.456
3.72688,3,8,2,9,103.53,447.539
2.4834,2,9,3,7,122.33,376.365
1.6068,2,6,2,7,127.2,358.302
6.3325,0,1,1,16,37.3,284.484
6.16,4,5,1,3,61.06,402.446
1.7807,0,2,1,0,32.59,113.16
2.63802,1,0,0,1,0,118.179
4.2248,1,3,0,5,35.53,311.592
2.2082,1,1,0,3,17.07,148.205
0.9854,0,1,0,1,17.07,72.107
1.15942,1,2,2,0,52.04,122.171
1.6278,1,2,2,0,46.25,143.573
5.5414,3,5,0,10,51.91,450.362
3.2236,2,3,1,6,41.57,338.451
2.4879,0,1,0,1,17.07,150.221
5.77168,2,3,0,9,50.09,361.485
0.1299,1,5,2,1,118.69,295.729
4.4123,2,2,0,5,20.31,293.41
3.4094,2,2,0,4,6.48,254.377
2.0456,1,1,1,0,20.23,128.558
0.9068,0,1,0,0,20.31,107.54
2.652,3,7,2,6,88.75,326.404
2.5686,2,7,3,6,89.43,512.408
-0.8761,1,9,4,5,157.07,502.52
5.2702,0,0,0,0,0,364.914
4.81792,1,8,2,0,111.52,552.664
4.13542,3,8,2,6,104.45,561.531
-0.3881,0,1,1,0,20.23,56.064
4.1022,3,6,0,7,58.4,363.417
4.6452,4,4,2,3,76.82,395.26
4.8125,3,3,2,8,67.01,363.461
4.0936,3,5,0,6,49.17,333.391
3.75168,2,2,2,1,52.04,240.35
1.1582,0,3,1,1,46.53,217.435
5.8181,0,4,3,5,81,543.833
3.9762,3,3,3,4,77.76,320.344
-0.536,1,9,3,7,173.76,424.391
1.92962,1,4,0,2,58.86,174.159
2.49534,2,3,1,0,38.91,178.26
6.1117,4,6,1,12,81.93,455.562
6.7564,0,6,1,5,98.9,545.761
2.4669,2,1,1,2,37.3,186.21
1.555,2,5,2,5,87.74,276.288
3.2666,2,6,0,6,65.07,409.482
1.0376,0,5,4,0,97.99,350.455
0.4903,0,1,2,2,24.06,132.232
4.3611,2,4,0,6,38.77,379.5
2.6584,2,4,0,7,28.6,285.391
0.283,0,2,0,1,43.14,75.067
5.4096,2,4,0,6,56.26,487.464
6.3003,4,5,1,13,72.7,467.617
4.8791,3,6,0,5,46.15,384.453
1.29322,1,2,1,3,46.17,199.275
3.8044,4,4,2,3,63.49,398.462
2.5768,3,5,3,1,90.9,270.24
0.7855,1,1,1,1,43.09,121.139
2.1153,3,5,2,2,110.73,255.237
2.0382,1,1,1,1,37.3,156.568
2.2797,0,1,1,1,20.23,152.237
3.5809,2,4,0,6,38.77,351.446
5.0354,1,6,0,2,43.4,496.57
5.8014,3,3,0,6,27.05,381.69
3.74692,3,8,2,6,104.45,547.504
3.555,1,2,0,1,43.14,226.446
1.177,1,3,1,1,69.16,138.126
4.2641,4,8,3,9,100.78,431.544
2.2499,0,3,2,3,74.6,264.321
2.4909,1,6,0,5,70.83,263.211
4.75448,3,7,1,8,83.3,431.54
0.9446,0,2,0,3,34.14,114.144
1.2745,0,2,1,0,29.46,90.122
0.9382,2,7,2,3,106.2,332.308
2.5971,3,8,3,8,100.78,355.446
3.0426,3,7,3,8,87.37,354.458
0.3599,1,5,3,5,95.63,212.205
1.5833,2,5,2,3,74.57,331.347
3.4163,2,4,3,0,73.72,356.179
2.6916,1,1,1,1,37.3,191.013
2.1505,1,3,0,2,32.67,150.181
4.2276,4,12,4,2,124.62,538.616
2.5971,3,8,3,8,100.78,355.446
-0.281,0,6,0,7,86.74,246.306
2.9176,2,1,0,2,17.07,182.222
5.759,4,7,1,5,74.73,497.473
3.1742,3,4,1,2,59.67,268.268
4.0818,0,12,0,5,126.44,622.708
4.648,3,5,0,6,50.06,340.375
3.8281,2,3,1,3,41.46,198.225
6.2994,5,0,0,0,0,278.354
3.3524,1,1,1,0,20.23,197.448
3.3139,1,4,0,4,44.76,290.359
4.4582,3,5,1,7,62.91,408.281
0.8249,0,1,1,2,20.23,128.986
2.8712,3,4,2,1,70.67,254.241
3.3779,1,2,1,9,40.54,304.217
1.3797,0,1,1,2,26.02,101.193
0.7874,0,7,3,1,121.13,406.475
1.0392,0,5,4,1,97.99,350.455
0.38,1,4,3,5,98.74,361.442
-2.0781,2,7,1,1,108.17,194.154
2.1557,0,1,0,5,17.07,114.188
3.0988,0,2,0,4,3.24,223.794
2.1579,2,5,2,4,93.26,281.319
6.3625,0,1,1,13,20.23,296.539
2.7119,0,1,0,0,17.07,152.237
4.2453,2,2,1,7,32.34,351.277
4.4032,0,1,1,3,0,202.407
0.606,0,1,1,1,20.23,94.541
2.7828,2,6,2,3,96.36,334.74
0.64242,1,2,1,1,60.16,171.221
2.35262,2,3,1,0,60.16,237.258
3.388,3,1,0,0,12.89,179.222
3.1737,2,3,0,4,43.37,254.285
5.7054,4,6,0,3,25.78,332.5
4.5562,3,7,0,7,93.2,385.372
5.3333,4,9,2,9,88.33,545.496
5.60922,2,7,0,6,83.31,517.67
1.7762,0,0,0,1,0,187.862
7.50532,3,8,0,9,100.38,647.816
3.8249,3,5,2,5,93.26,357.417
3.503,3,7,0,6,76.36,372.373
3.6745,4,4,2,5,66.49,315.38
4.13542,3,8,2,6,104.45,561.531
8.7935,0,4,0,21,44.76,434.642
5.6404,4,0,0,0,0,252.316
4.1668,3,4,0,6,42.43,346.43
6.2538,5,9,3,10,139.19,657.779
1.2796,1,1,0,0,13.14,68.075
3.857,2,0,0,2,0,180.25
5.78812,3,1,2,3,41.81,398.131
3.9435,2,2,0,0,9.23,200.262
0.8249,0,1,1,2,20.23,128.986
5.7216,4,6,1,11,81.93,441.535
4.6181,3,3,2,7,46.06,405.517
3.7268,0,0,0,0,0,236.74
2.3646,3,4,2,1,80.48,290.124
5.5071,0,2,2,4,57.53,376.581
0.796,1,3,3,1,77.76,154.121
4.2453,2,2,1,7,32.34,351.277
1.8034,0,1,1,1,20.23,116.204
3.3976,3,3,0,1,47.03,273.291
0.7967,0,3,0,0,6.48,162.283
4.5869,3,5,2,5,73.21,453.34
4.6816,4,11,1,6,136.33,562.579
2.52472,2,1,1,0,28.68,166.611
4.6154,3,5,1,4,70.14,408.26
-1.1995,1,7,4,1,130.77,416.43
2.0414,0,1,1,5,37.3,130.187
3.1732,2,4,1,4,45.59,324.424
-13.0548,0,30,18,6,474.9,972.846
2.3836,0,0,0,2,0,236.334
7.4529,2,1,0,15,9.23,408.65
5.7756,4,8,1,5,83.96,541.526
4.48992,3,2,2,4,51.04,359.267
4.29592,2,3,0,3,39.44,296.366
5.9438,2,4,0,8,56.26,501.491
-1.0962,0,2,2,1,52.04,60.1
1.177,1,3,1,1,69.16,138.126
2.0983,0,2,0,1,17.07,124.592
2.09904,1,2,0,1,30.21,138.166
1.1296,1,3,1,3,63.37,167.164
1.3404,0,3,0,3,38.66,103.121
5.0983,3,5,1,5,70.14,422.287
5.1378,3,3,1,6,41.57,386.495
2.61,2,3,1,5,45.23,309.413
0.8056,1,2,2,1,49.33,137.138
3.7776,2,7,1,8,102.14,426.469
3.7155,1,3,0,6,35.53,277.147
2.1994,1,2,0,1,43.14,249.007
3.4962,3,6,2,5,80.4,335.363
1.5629,2,1,1,0,28.68,118.139
-1.0308,0,6,3,0,75.13,169.213
1.5044,1,2,2,0,52.04,142.589
4.0472,1,3,0,0,43.37,463.701
6.3316,4,5,0,10,51.91,498.406
4.1161,2,0,0,1,0,233.108
-1.2618,1,2,4,2,112.65,260.081
2.4254,1,0,0,1,0,126.586
1.2688,1,1,1,0,26.02,93.129
0.3736,0,1,1,1,20.23,124.965
-1.0456,0,4,2,5,73.13,134.135
3.69282,1,3,0,0,39.44,260.333
1.3836,0,4,1,9,53.71,221.373
3.22042,3,11,1,6,123.4,495.488
-0.2514,1,14,13,17,372,1182.472
5.7758,4,5,0,5,55.2,437.524
0.1644,0,2,0,1,34.14,86.09
1.5714,2,5,3,1,111.9,284.223
1.24358,1,2,1,1,44.02,133.15
4.8392,4,4,2,3,84.66,407.271
4.1594,2,1,0,4,23.55,268.36
3.7715,1,2,1,5,29.46,250.382
4.1482,1,5,0,7,89.52,335.282
1.15,1,2,1,3,46.53,152.149
0.5974,1,4,3,5,88.89,252.347
6.204,5,8,3,7,129.96,613.726
0.7188,2,5,2,4,96.34,287.254
1.90322,1,2,0,1,43.14,137.138
0.096,0,3,0,0,43.37,102.089
4.88204,2,7,3,0,113.29,548.676
2.0608,0,4,0,0,6.48,240.444
3.701,2,2,1,7,32.34,361.283
4.6962,0,1,0,11,12.53,212.377
0.7592,1,4,2,1,95.18,153.141
4.2366,3,5,1,5,64.35,368.82
0.74091,1,2,2,0,48.65,142.183
2.2874,0,1,1,5,37.3,144.214
1.0376,0,5,4,0,97.99,350.455
1.47618,0,1,0,1,23.79,81.118
6.6842,0,4,2,4,75.63,541.817
2.1438,1,2,0,2,18.46,162.188
1.1451,2,2,2,0,54.7,133.154
1.0632,0,2,0,3,43.14,103.121
2.1807,1,2,0,3,26.3,178.231
4.909,4,6,2,5,75.86,400.269
1.51702,1,5,1,2,106.51,198.134
4.595,4,4,3,3,96.69,422.286
2.5768,3,5,3,1,90.9,270.24
2.3253,0,0,0,0,0,110.971
4.862,0,12,0,7,126.44,650.762
5.63112,3,9,3,12,123.11,592.693
4.0936,3,5,0,6,49.17,333.391
2.8505,0,2,0,2,26.3,194.274
4.7181,1,5,0,6,40.58,350.591
3.7878,2,2,0,5,40.62,308.381
5.5666,0,4,4,4,106.86,543.789
3.4876,3,5,2,4,71.17,305.337
2.94762,2,3,0,3,33.45,231.295
0.1793,0,2,0,0,26.3,74.079
4.11838,3,7,1,8,83.3,403.486
6.058,2,1,1,6,28.68,298.474
1.1209,1,3,1,0,38.69,138.122
1.6896,1,3,0,3,38.83,192.214
4.7706,1,8,1,10,142.63,740.983
5.9749,3,6,2,8,77.38,450.531
1.0296,2,11,7,7,211.28,516.455
3.8792,0,2,1,0,37.3,288.431
1.7412,2,3,2,1,67.01,191.19
1.4732,1,2,0,1,26.3,136.15
2.2098,1,4,2,4,92.34,324.402
4.8201,1,0,0,0,0,264.366
3.555,1,2,0,1,43.14,226.446
1.8822,1,2,2,4,74.6,218.208
1.8957,0,5,3,2,94.83,392.467
6.7288,0,6,1,7,79.31,654.977
3.942,3,7,3,8,87.37,402.93
5.4845,4,8,3,9,118.13,577.11
3.6057,1,3,1,6,63.6,303.141
-1.4002,1,10,7,2,201.85,460.439
-0.6225,0,2,1,1,32.76,74.079
2.2888,1,1,0,2,17.07,146.189
3.8813,2,6,2,6,93.06,408.45
3.5133,1,0,0,0,0,195.476
1.2956,0,1,0,0,17.07,96.129
1.9222,1,1,1,0,26.02,127.574
4.20004,3,5,1,5,64.35,362.429
4.9536,1,0,0,0,0,250.339
4.7574,0,0,0,1,0,260.762
-1.342,2,15,9,10,245.29,612.581
1.6675,1,2,1,2,35.25,137.182
4.8392,4,4,2,3,84.66,407.271
4.9772,3,2,0,5,20.31,343.47
4.6676,1,3,2,6,52.99,316.441
2.1756,1,7,1,4,107.77,346.339
4.5944,0,7,0,21,72.45,398.477
3.7131,2,1,0,4,3.24,211.308
4.6416,4,8,3,8,100.78,431.544
4.4605,3,6,0,7,67.13,368.385
-0.2956,0,1,0,1,20.31,73.095
2.8202,1,4,0,6,52.6,250.294
-0.2703,1,6,0,6,66,249.27
-0.6405,0,2,2,1,40.46,76.095
6.0323,0,12,0,10,126.44,692.843
4.6816,4,11,1,6,136.33,562.579
2.7611,1,5,1,6,98.31,294.094
3.782,3,4,1,4,50.94,289.338
0.9181,1,5,1,4,62.3,303.358
3.0592,2,1,1,1,20.23,170.211
1.238,0,2,0,2,43.14,123.539
4.5213,2,5,1,6,57.15,356.418
6.1732,0,12,0,8,118.6,658.722
0.7954,0,2,1,5,29.46,118.176
3.9919,0,1,1,10,37.3,200.322
1.88564,1,1,1,0,26.02,121.183
4.5552,3,8,1,7,96.53,445.497
4.1368,4,8,4,8,108.12,438.919
2.9696,3,3,2,1,67.59,289.136
1.7974,1,3,0,2,60.21,165.148
2.2724,0,3,0,5,35.53,166.157
6.1195,1,5,2,9,53.96,534.785
1.177,1,3,1,1,69.16,138.126
2.699,1,1,1,0,20.23,163.003
2.3296,1,0,0,1,0,104.152
3.2703,1,3,0,7,22,213.346
1.6259,1,3,2,3,64.35,194.234
1.45152,1,2,0,0,12.89,99.158
-0.70908,1,5,2,2,84.32,224.216
1.238,0,2,0,1,43.14,123.539
4.102,2,2,0,2,24.72,182.226
3.85892,1,3,0,3,39.44,260.333
4.47302,1,3,0,7,39.44,276.376
1.3506,1,2,2,1,49.33,151.165
2.0684,0,4,3,1,77.76,334.456
4.4814,0,1,0,0,12.53,380.913
3.567,2,3,1,3,55.4,313.74
4.6452,4,4,2,3,76.82,395.26
2.21164,1,2,0,1,43.14,151.165
1.4313,0,1,0,0,9.23,88.15
2.699,1,1,1,0,20.23,163.003
5.2415,0,0,0,0,0,373.321
3.3872,2,1,1,0,46.33,236.274
-0.15,0,3,0,0,43.37,100.073
0.371,0,3,0,2,43.37,138.188
2.6824,2,7,2,11,80.62,403.475
4.648,3,5,0,6,50.06,340.375
3.58418,3,7,1,8,83.3,377.448
7.1917,4,5,0,5,55.2,550.865
3.9208,3,4,0,4,42.43,344.414
7.274,2,0,0,1,0,360.882
3.10062,3,5,2,2,93.28,320.395
1.88564,1,1,1,0,26.02,121.183
3.701,2,2,1,7,32.34,361.283
0.6347,0,1,1,1,20.23,74.123
3.7177,1,5,0,13,46.15,338.444
2.275,0,4,2,0,74.6,332.44
4.15804,2,7,1,5,87.12,410.499
4.0654,3,3,0,4,39.19,359.449
2.588,2,10,6,19,175.48,651.805
6.64002,4,5,0,10,51.91,512.433
5.782,1,12,0,6,126.44,698.806
2.6562,2,4,0,2,86.28,218.168
5.4508,0,0,0,7,0,348.956
5.0088,0,1,1,12,12.03,241.463
4.50848,3,7,1,8,83.3,417.513
2.624,1,0,0,2,0,185.064
1.1856,1,4,1,2,78.39,168.152
7.0661,0,6,0,23,78.9,470.691
6.1898,2,4,0,8,56.26,515.518
1.99502,1,0,0,0,0,92.141
2.2738,1,2,2,1,63.32,206.028
4.0738,1,2,0,5,23.55,343.298
1.3496,0,2,0,3,26.3,116.16
3.1358,2,2,2,2,32.26,185.226
2.94668,3,8,2,10,103.53,407.474
2.5069,1,1,1,2,12.03,135.21
0.5155,1,3,2,1,80.39,173.193
2.7543,2,6,3,4,88.02,367.401
0.7118,1,2,2,2,40.46,147.97
3.3699,2,6,2,8,93.06,368.385
3.13484,2,2,2,1,52.04,212.296
5.5201,4,5,1,11,72.7,439.563
2.7613,2,4,2,4,75.63,331.755
2.92632,3,12,4,9,200.26,576.562
1.8928,1,0,0,2,0,150.245
1.6034,1,3,0,2,52.37,153.137
2.3336,1,2,0,2,43.14,171.583
5.80982,5,7,2,6,91.79,597.767
3.9373,1,2,0,8,23.55,316.489
1.8304,1,3,1,1,69.16,172.571
1.30569,0,0,0,0,0,65.095
4.5063,0,5,0,7,18.46,288.44
0.6715,0,2,0,1,43.14,89.094
3.05642,2,2,0,1,43.14,187.198
5.2298,4,9,3,11,127.36,586.718
4.8011,4,7,2,6,75.86,391.5
3.2832,2,5,1,4,84.94,410.879
3.1984,2,2,1,0,33.12,305.502
1.6215,0,1,0,2,17.07,100.161
3.3963,3,6,3,5,85.24,468.355
4.4555,3,3,0,4,39.19,373.476
3.891,2,2,1,9,32.34,324.468
1.15942,1,2,2,0,52.04,122.171
3.9225,4,4,2,2,80.48,321.771
0.9213,0,1,1,0,20.23,86.134
-3.168,1,9,4,2,143.72,244.207
2.0382,1,1,1,1,37.3,156.568
1.1769,0,1,0,3,3.24,121.611
2.5971,3,8,3,8,100.78,355.446
2.03398,0,4,0,9,42.25,203.307
3.93,4,5,1,2,78.33,266.256
1.2133,1,3,1,2,46.53,152.149
0.7382,0,7,4,1,116.45,408.491
5.1513,3,5,0,9,51.91,436.335
4.6598,3,7,1,4,102.2,411.826
0.8934,1,2,2,2,46.25,137.182
4.543,4,7,4,6,117.9,504.982
0.7952,0,1,0,1,12.53,72.107
4.6104,4,4,2,6,63.35,384.435
2.75752,1,0,0,0,0,171.037
1.3323,1,1,1,0,12.03,133.194
-3.1917,2,20,12,13,324.44,786.733
1.0376,0,5,4,0,97.99,350.455
1.39002,1,1,0,0,12.89,93.129
2.2555,3,4,2,1,80.48,245.673
4.34228,3,5,2,2,83.83,410.491
0.0655,0,4,0,0,74.54,162.146
3.4805,3,4,1,3,62.3,357.413
6.1835,4,5,3,6,66.41,425.532
1.8856,1,4,2,2,61.69,138.126
1.0415,0,4,2,3,83.47,281.352
4.5183,0,1,0,1,17.07,234.383
4.6416,4,8,3,8,100.78,431.544
4.2952,1,1,1,7,20.23,206.329
0.4598,0,3,2,4,49.69,134.175
3.3542,2,2,0,6,12.47,255.361
1.1537,0,2,0,1,32.67,114.148
-0.68433,0,5,2,2,111.69,147.094
3.3699,2,6,2,8,93.06,368.385
3.26998,3,8,1,8,86.54,432.528
4.0631,3,6,1,5,62.35,441.329
1.8483,1,2,0,1,16.13,162.236
8.8062,1,6,0,21,78.9,546.789
2.6916,1,1,1,1,37.3,191.013
3.3415,2,4,1,5,50.94,307.825
1.9546,1,1,1,1,20.23,122.167
3.8706,3,4,1,4,62.3,371.44
3.5919,2,2,1,7,32.34,316.832
4.3002,1,0,0,0,0,215.894
6.4955,2,0,0,2,0,354.491
2.7617,1,2,0,3,21.76,206.285
0.2772,0,3,0,4,29.54,143.186
4.4413,3,4,3,15,98.74,515.654
1.8637,1,3,0,3,38.83,206.241
2.9934,1,0,0,0,0,147.004
3.1404,2,3,1,8,49.41,352.887
3.8347,2,5,1,9,75.71,458.505
1.70062,1,1,1,0,20.23,108.14
4.0924,2,2,1,4,32.34,348.49
2.0437,1,2,1,3,38.33,179.219
2.4838,1,3,1,1,69.16,207.016
4.401,0,3,2,0,57.53,332.484
3.4914,3,7,1,6,107.49,379.372
2.2047,1,1,0,1,17.07,158.559
1.0978,1,2,2,0,40.46,110.112
8.7921,5,4,0,14,42.68,531.696
0.0936,1,4,2,2,89.26,214.246
4.33542,2,15,6,4,220.15,822.953
4.8618,1,2,0,1,43.14,295.336
1.925,1,3,2,8,66.56,305.205
1.0921,1,2,0,1,30.21,96.085
2.2576,0,1,0,1,17.07,152.237
2.983,1,0,0,1,0,138.597
2.4339,1,2,1,2,29.46,164.204
2.8745,3,4,1,4,64.09,316.744
5.7075,3,5,0,10,51.91,462.373
5.5543,0,3,3,5,60.69,420.678
0.1387,1,14,13,18,372,1196.499
4.1108,3,7,0,8,67.63,393.443
2.1293,1,2,1,3,29.46,164.204
2.5682,0,2,1,9,35.25,187.327
0.7355,0,2,0,2,26.3,100.117
1.75268,1,1,0,1,23.79,117.151
2.4484,1,2,0,1,18.46,162.188
1.2172,2,4,1,2,62.3,291.376
0.65382,1,3,1,0,50.44,126.111
3.7234,2,4,0,6,38.77,351.446
5.5726,1,10,2,4,132.04,668.784
3.02642,2,3,3,2,58.28,214.268
2.61,2,3,1,5,45.23,309.413
5.68902,4,1,2,6,27.82,358.46
6.5103,4,7,1,8,79.52,478.541
3.5796,1,5,2,0,83.83,318.369
4.1631,0,3,0,10,43.37,266.381
0.5844,1,3,1,2,50.44,126.111
1.5249,1,4,0,4,44.76,196.202
2.2576,0,1,0,4,9.23,171.067
-1.2955,0,8,0,4,172.56,196.031
2.3939,3,4,3,1,93.61,351.151
3.9374,4,8,4,14,108.54,512.61
4.6678,3,4,0,7,51.02,388.515
4.098,2,3,2,9,67.01,329.444
1.3848,1,1,1,1,37.3,122.123
5.7922,4,9,1,5,93.19,585.579
-1.0293,2,6,0,0,61.82,194.194
3.6344,2,2,1,8,32.34,330.859
6.8623,1,2,2,6,49.33,391.555
1.3172,0,4,2,7,74.6,210.276
3.14822,2,0,0,0,0,142.201
2.1525,1,1,0,1,17.07,140.569
1.8013,0,0,0,1,0,90.553
5.14322,1,7,3,1,122.52,552.664
1.293,1,3,1,2,80.44,167.12
1.7318,2,3,2,6,83.44,367.236
4.085,3,4,0,5,39.94,303.365
6.2566,3,1,1,5,28.68,330.475
0.6937,1,3,1,2,86.23,166.136
3.3841,0,4,0,12,66.43,265.395
7.568,0,3,1,2,46.53,484.765
2.518,2,2,2,1,52.04,184.242
1.4008,1,2,1,1,29.46,124.139
5.6554,4,3,2,2,67.59,433.231
1.858,2,5,1,6,76.74,290.315
3.5742,3,3,2,1,67.59,415.032
1.9222,1,1,1,0,26.02,127.574
1.2465,0,2,1,2,32.59,87.122
3.3588,1,0,0,0,0,180.556
4.0764,3,3,0,4,30.71,273.339
2.56172,4,9,2,4,105.2,442.527
3.4962,3,6,2,5,80.4,335.363
1.9738,1,3,0,2,60.21,185.566
2.8639,2,6,3,4,77.99,468.355
3.4757,2,2,1,5,32.34,314.816
5.747,2,0,0,5,0,307.264
1.6421,1,4,0,2,86.28,186.098
1.2458,0,5,3,0,94.83,348.439
2.6086,0,2,0,2,26.3,162.94
2.7054,1,0,0,0,0,146.111
0.1075,0,2,1,3,46.53,104.105
2.95889,2,2,1,0,15.79,167.258
5.6404,4,0,0,0,0,252.316
1.7617,0,2,0,3,26.3,142.198
2.4015,2,1,1,5,17.33,275.803
4.2366,3,5,1,5,64.35,368.82
4.29768,3,9,1,10,109.6,489.576
4.4248,3,7,1,4,107.13,426.841
2.00904,1,1,1,0,20.23,122.167
-0.556,0,3,2,4,69.64,160.173
5.0731,4,3,3,2,81.24,311.728
4.3611,2,4,0,6,38.77,379.5
4.3536,3,6,1,6,70.29,356.374
8.0273,5,3,0,13,27.69,573.693
5.6461,1,5,2,8,71.03,548.768
2.1955,1,3,1,7,74.68,285.365
1.6084,0,6,3,1,104.06,392.492
1.6722,1,3,0,2,55.73,137.118
-1.0397,2,5,1,0,72.68,180.167
1.7246,1,1,0,1,12.89,105.14
6.09402,2,4,1,9,75.71,516.682
5.1165,3,5,0,6,36.92,356.443
4.3469,3,5,0,5,36.02,415.537
1.22952,2,6,2,3,97.97,270.339
7.99552,2,6,5,19,118.22,542.757
6.3208,4,5,1,6,61.06,404.462
3.6286,4,8,2,12,117.28,592.652
2.748,2,2,0,1,43.14,173.171
1.8257,1,0,0,0,0,96.104
1.2003,0,2,0,2,21.76,130.187
1.9155,0,1,1,5,26.02,115.22
-0.1708,0,4,2,3,24.06,210.374
3.8526,2,6,3,7,96.22,368.385
1.3181,3,6,2,1,89.85,241.254
5.2953,4,7,1,7,72.8,458.996
5.4764,0,1,0,13,12.53,240.431
1.69322,1,1,1,1,37.3,136.15
1.89644,1,1,0,0,13.14,96.129
3.02775,3,8,4,6,166.64,374.364
2.6376,0,5,2,1,83.83,376.493
2.5745,3,8,0,4,76.86,381.388
3.3054,2,6,0,5,77.32,296.282
5.7922,4,9,1,5,93.19,585.579
3.501,2,4,0,5,38.77,349.43
6.5383,4,5,0,5,55.2,516.42
4.1668,3,4,0,6,42.43,346.43
7.233,0,5,0,4,53.99,544.748
1.95342,1,1,1,1,29.1,149.193
0.0478,0,1,1,1,43.09,85.106
0.5712,0,1,0,1,12.53,70.091
4.2812,2,4,0,5,38.77,377.484
5.2521,0,12,0,8,126.44,664.789
0.693,0,2,0,1,26.3,86.09
1.4991,1,1,0,1,17.07,106.124
1.6084,0,6,3,1,104.06,392.492
4.5242,3,6,3,6,92.07,458.349
1.0852,1,5,1,2,112.3,183.123
0.7472,0,2,2,4,40.46,261.941
2.60602,1,2,1,3,46.17,253.367
4.84444,4,12,4,2,124.62,566.67
5.2389,4,5,1,12,72.7,453.59
1.4339,1,2,2,1,32.26,123.155
6.1775,3,5,0,11,51.91,478.416
5.1822,4,3,3,2,81.24,356.179
1.0308,0,1,1,1,37.3,173.393
4.4513,2,8,0,5,111.46,556.663
5.2466,4,7,3,8,87.89,430.556
-0.5359,0,1,2,0,24.06,102.162
2.9795,0,3,0,9,27.69,269.492
4.23832,1,4,1,7,47.56,303.364
-0.6459,1,8,6,4,164.75,354.311
1.7974,1,3,0,2,60.21,165.148
1.6034,1,3,1,3,46.53,166.176
4.6484,4,9,1,6,117.87,474.473
3.3728,3,6,2,6,107.24,533.482
3.8948,2,2,1,0,12.03,199.278
2.65122,2,4,1,1,58.12,266.304
3.11752,1,5,0,3,95.51,268.269
2.7441,0,1,0,0,9.23,154.253
3.429,3,9,3,6,113.57,505.41
3.294,1,1,1,0,12.03,173.259
3.758,1,3,1,8,63.6,278.348
3.3122,1,4,0,6,52.6,278.348
3.0022,2,3,2,2,52.04,216.309
2.5938,0,0,0,1,0,167.85
5.7358,1,2,1,4,29.46,314.469
2.6667,0,4,2,2,74.6,346.467
2.878,0,1,0,6,17.07,152.237
2.6364,0,3,0,12,27.69,218.337
1.4582,1,2,1,1,23.47,137.182
2.1867,0,5,1,0,57.15,284.352
1.70062,1,1,1,0,20.23,108.14
7.5226,1,4,4,5,106.86,619.887
3.1906,3,3,2,1,65.45,262.268
1.88564,1,1,1,0,26.02,121.183
0.8413,0,1,0,1,17.07,72.107
2.8059,1,1,0,1,17.07,175.014
5.629,4,5,1,13,72.7,467.617
6.0811,0,2,0,6,26.3,328.496
4.2084,1,2,0,1,43.14,260.891
3.9611,2,6,4,4,135.44,618.537
5.1636,2,4,0,6,56.26,485.448
1.6564,0,3,0,4,43.37,158.197
3.9379,3,6,1,10,81.93,379.464
5.759,4,7,1,5,74.73,497.473
3.83772,4,9,2,7,138.55,543.552
2.0227,0,4,2,7,90.65,260.334
2.00904,1,1,1,0,20.23,122.167
3.597,2,5,1,6,57.15,316.353
4.8311,4,8,3,9,118.13,542.665
4.3002,1,0,0,0,0,215.894
3.3227,2,6,1,7,74.22,344.363
4.3002,1,0,0,0,0,215.894
0.0152,0,2,1,3,29.46,90.122
5.9097,2,3,0,13,27.69,412.594
4.22782,4,9,2,7,138.55,557.579
2.9938,2,4,1,4,45.23,301.415
1.8434,0,2,0,5,43.14,131.175
1.3278,0,1,0,0,12.53,98.145
2.8944,2,4,4,5,111.02,367.283
2.7504,3,5,1,3,63.69,272.333
1.8503,1,4,1,1,41.93,287.359
1.1296,1,3,1,3,63.37,167.164
2.0147,2,4,4,5,111.02,317.276
-0.1235,0,3,2,7,41.29,159.277
0.5878,0,2,0,4,21.76,114.144
1.3421,1,1,2,1,38.05,152.222
4.1074,1,2,2,6,24.06,220.36
6.0191,4,5,1,14,72.7,481.644
5.4008,4,8,0,12,105.2,552.579
1.1171,0,1,1,2,37.3,102.133
3.2891,1,2,0,5,26.3,218.296
3.35478,3,8,1,8,92.53,419.485
2.6804,0,4,0,4,44.76,220.976
1.48542,1,3,1,1,69.16,152.153
4.6416,4,8,3,8,100.78,431.544
0.9384,0,2,0,3,17.07,104.174
5.7389,5,6,0,8,65.6,423.52
1.9404,2,2,1,0,33.12,145.161
4.1258,1,3,0,8,29.54,277.408
2.88284,2,4,4,10,118.2,340.427
3.7388,3,2,2,6,48.13,361.489
6.0078,1,6,4,19,141.36,488.643
2.4323,1,2,0,4,18.46,178.231
5.6482,4,9,2,10,115.33,557.676
0.1647,0,1,1,1,20.23,58.08
6.724,2,4,0,10,56.26,529.545
4.8371,0,3,2,19,60.77,369.59
7.2157,1,12,0,8,118.6,706.766
4.7402,4,7,1,5,74.73,429.476
0.9054,1,5,0,1,86.51,193.114
-0.1581,0,2,2,1,57.53,104.105
5.9961,3,2,0,8,12.47,371.524
5.7561,4,7,2,7,75.86,439.972
4.3956,4,8,3,8,100.78,417.517
2.4237,1,1,0,3,9.23,148.205
3.3682,2,10,6,21,175.48,679.859
1.57722,1,1,1,0,26.02,107.156
1.2458,0,5,3,1,94.83,348.439
0.5953,0,1,0,1,17.07,58.08
-0.2882,0,2,2,2,74.6,116.072
6.1414,0,4,2,3,64.01,568.887
2.699,1,1,1,0,20.23,163.003
2.1951,0,1,1,5,20.23,130.231
4.085,3,4,0,5,39.94,303.365
1.052,0,1,1,4,43.09,115.176
0.6335,1,5,1,1,82.05,145.143
8.3482,0,3,1,4,46.53,512.819
1.48542,1,3,1,1,69.16,152.153
0.9987,2,7,3,4,97.61,372.373
-0.5482,0,2,2,1,57.53,90.078
4.68602,4,10,2,9,114.39,537.671
1.6021,3,4,2,1,80.48,211.228
1.47618,0,1,0,0,23.79,81.118
1.1689,0,1,1,3,20.23,88.15
1.547,1,1,1,0,26.02,129.109
-0.0667,0,2,0,0,26.3,72.063
2.91742,3,11,2,5,134.4,481.461
3.18187,3,10,4,9,170.54,439.432
4.1124,3,5,0,5,65.49,361.397
1.4054,0,2,0,4,18.46,118.176
6.4278,0,6,1,4,74.22,562.763
1.2782,1,2,1,2,38.91,166.249
3.7265,3,4,1,5,62.3,359.429
1.9771,0,4,1,2,49.77,293.407
4.1832,1,6,1,2,72.5,489.588
4.3507,2,3,1,7,66.48,440.49
0.7253,1,3,1,0,38.91,100.146
3.94772,3,1,2,5,27.82,282.362
4.7568,4,8,1,5,83.96,473.529
1.2752,0,2,0,2,12.36,99.158
0.91998,0,1,0,0,23.79,55.08
1.083,1,2,2,2,74.6,166.132
2.2384,1,2,1,3,23.47,165.236
3.9573,2,2,1,7,32.34,350.384
2.6562,2,4,0,2,86.28,218.168
6.3915,4,8,3,13,118.13,598.773
3.1932,3,6,3,4,91.4,321.336
1.7283,1,1,1,1,12.03,107.156
3.8632,3,5,1,3,63.99,347.399
6.1134,0,3,3,3,69.56,499.78
2.0147,2,4,4,5,111.02,317.276
4.7882,0,10,2,9,132.04,676.848
0.4614,0,5,0,8,61.83,214.217
-0.3513,1,5,3,1,118.36,297.745
5.3451,3,3,2,6,67.01,389.499
4.172,4,12,1,7,136.54,547.52
3.89162,3,5,1,5,64.35,348.402
0.6937,1,3,1,2,86.23,166.136
6.9197,3,2,1,8,46.53,428.45
1.8541,0,0,0,2,0,112.987
3.6797,1,1,1,0,20.23,330.801
8.5037,3,8,0,9,100.38,702.679
3.66008,3,8,1,9,86.54,446.555
6.0627,1,1,0,15,9.23,334.568
4.3005,2,5,2,6,65.96,455.356
2.7433,3,6,1,1,86.27,402.252
4.4596,2,2,0,4,9.49,372.536
4.36438,3,7,1,10,83.3,405.502
5.2767,2,2,2,6,24.06,268.404
0.5045,0,3,0,3,38.83,142.154
1.3101,1,3,1,2,63.6,180.159
5.9102,4,5,1,12,72.7,453.59
2.249,1,0,0,1,0,106.168
5.90218,4,7,1,9,83.3,493.611
2.1489,0,0,0,0,0,90.553
2.23062,1,1,1,0,26.02,141.601
4.5704,4,8,3,9,132.12,528.638
1.5072,0,1,1,2,37.3,116.16
1.793,2,2,0,0,30.21,146.145
1.6602,2,1,2,1,36.02,147.177
2.1498,0,1,1,4,20.23,324.838
0.697,0,1,1,2,29.1,113.16
5.4884,3,5,1,6,70.14,436.314
1.959,1,3,1,3,46.53,180.203
1.88564,1,1,1,0,26.02,121.183
6.0633,2,7,0,6,83.31,582.539
3.5061,2,2,0,3,32.67,198.225
4.2641,4,8,3,9,100.78,431.544
-2.9266,0,7,0,2,123.63,215.985
4.6452,4,4,2,3,76.82,395.26
6.0356,1,2,1,7,29.46,314.469
4.6853,1,1,1,8,20.23,220.356
3.29252,1,0,0,0,0,148.249
1.5673,0,0,0,1,0,120.977
1.0682,1,2,0,2,34.14,134.134
-0.4022,0,3,2,0,74.43,136.114
2.1524,1,3,0,3,27.69,192.214
5.8746,4,8,3,10,118.13,591.137
6.4554,1,0,0,15,3.88,304.542
3.1159,0,1,2,2,24.06,240.416
1.559,0,1,1,4,20.23,102.177
1.5196,0,1,0,0,17.07,98.145
5.7169,0,1,0,5,17.07,284.443
3.4082,4,4,2,2,80.48,305.316
4.7402,4,7,1,5,74.73,429.476
3.3364,3,4,1,4,62.3,345.402
3.4163,2,4,3,0,73.72,356.179
5.21164,4,5,1,5,68.52,422.435
0.2258,1,2,0,0,26.94,126.16
2.21164,1,2,0,1,43.14,151.165
5.43384,4,5,3,5,100.94,460.925
5.9299,3,5,0,10,51.91,464.389
3.4237,2,2,2,2,40.46,228.291
3.5048,3,7,2,6,89.63,365.389
3.229,1,1,1,0,26.02,196.464
2.3119,2,6,4,4,103.18,430.258
2.8621,4,5,2,2,93.62,277.287
2.5328,1,1,0,3,3.24,149.237
0.8752,1,4,2,2,106.46,182.135
3.2365,4,9,4,10,121.01,447.543
3.5918,3,6,1,6,73.58,364.401
1.55828,1,1,0,0,23.79,103.124
5.2212,4,8,3,10,118.13,556.692
-10.09437,6,24,45,69,1051.88,2095.478
0.1126,0,4,0,3,52.6,146.142
4.89242,4,0,0,0,0,216.283
0.71812,1,1,1,0,28.68,82.106
2.6698,0,1,1,4,20.23,154.253
2.652,3,7,2,6,88.75,326.404
2.8464,4,9,4,9,121.01,433.516
3.2888,3,6,2,5,84.58,350.374
6.4224,0,12,0,11,126.44,706.87
-1.2485,0,4,4,5,132.13,192.123
2.2984,0,0,0,1,0,86.178
2.7197,1,0,0,1,0,118.179
0.5155,1,3,2,1,80.39,173.193
1.78302,1,3,2,5,75.27,270.354
2.3846,0,0,0,0,0,132.206
3.4914,3,7,1,6,107.49,379.372
2.3077,0,3,0,0,38.83,248.322
7.1969,3,8,0,9,100.38,633.789
3.4932,2,0,0,0,0,162.619
6.37164,4,10,4,2,106.16,534.672
1.8477,1,5,1,2,112.3,262.019
5.8489,4,5,0,5,37.6,449.576
5.5632,4,6,0,10,69.9,426.52
4.0545,2,5,2,4,65.96,453.34
5.3015,1,4,3,17,98.74,501.712
4.02724,3,1,2,3,41.81,264.372
4.2641,4,8,3,9,100.78,431.544
2.8321,5,10,0,8,105.42,541.374
5.3227,3,9,3,12,123.11,578.666
4.6415,3,7,1,7,96.44,480.323
2.2482,1,2,0,1,43.14,157.556
-3.168,1,9,4,2,143.72,244.207
6.6727,2,1,0,13,9.23,380.596
-2.6319,1,9,0,6,103.59,297.267
3.5617,1,1,0,0,12.89,230.909
5.1211,2,6,1,12,94.17,542.648
4.62892,4,7,2,6,88.24,417.49
0.0443,0,6,0,5,78.9,218.205
-0.7446,0,3,1,2,63.37,91.066
4.344,2,3,2,9,67.01,343.471
3.71882,3,1,2,3,41.81,250.345
4.5313,2,4,3,13,98.74,493.648
1.3755,0,1,0,3,17.07,86.134
3.2117,0,1,1,8,37.3,172.268
2.3324,0,0,0,2,0,213.9
0.5007,3,9,6,5,160.82,378.333
1.6896,2,8,2,2,160.88,330.208
1.6107,3,5,2,2,89.71,241.254
1.8871,2,4,1,1,48.14,180.232
4.595,4,4,3,3,96.69,422.286
1.9832,0,5,1,1,57.15,284.352
4.94684,2,6,3,6,79.79,457.621
4.1907,2,2,1,7,32.34,316.832
1.5077,1,2,0,2,26.3,136.15
3.2199,3,6,2,5,106.15,358.405
2.0313,1,1,1,0,26.02,172.025
5.2421,2,9,1,7,129.25,547.656
5.47562,4,1,2,6,27.82,340.47
4.8691,4,7,3,9,87.89,430.556
1.5254,0,1,1,4,26.02,101.193
4.4088,4,8,2,14,117.28,620.706
2.7199,3,5,2,2,110.73,381.133
2.4884,0,2,0,2,17.07,138.619
3.5742,3,3,2,1,67.59,415.032
0.7746,0,3,0,3,43.37,144.17
2.699,1,1,1,0,20.23,163.003
2.3939,3,4,3,1,93.61,351.151
-1.3067,0,2,3,0,64.07,91.139
1.5382,1,2,0,0,26.3,148.161
3.7457,2,4,2,8,70.25,356.47
2.6136,1,2,0,1,43.14,191.108
1.6141,1,2,0,1,34.14,176.624
3.6004,1,4,0,8,52.6,278.348
0.4701,1,3,2,2,70.67,142.11
5.0354,1,6,0,2,43.4,496.57
4.2811,2,2,1,10,32.34,338.495
2.9987,0,0,0,0,0,136.238
0.7968,0,1,0,0,9.23,72.107
5.35424,3,4,0,5,42.68,411.929
3.2021,3,7,3,8,87.89,354.458
2.30918,3,9,3,12,123.76,437.5
4.5904,2,8,0,5,111.46,574.653
0.1552,0,16,9,8,240.69,868.071
3.9954,2,2,2,2,40.46,269.127
0.3218,0,2,0,0,26.3,86.09
-0.4826,0,2,2,5,86.18,144.174
2.5478,3,4,0,1,52.58,216.192
2.6941,0,1,1,0,26.02,179.307
1.0831,0,2,0,1,26.3,100.117
3.32674,3,4,3,5,89.45,377.444
2.63248,3,9,2,10,106.77,462.554
2.2963,2,2,0,0,12.89,135.191
4.2756,3,7,1,8,68.74,446.91
2.115,1,2,1,3,29.26,164.252
3.0924,3,7,5,12,166.75,670.855
1.7658,0,5,2,2,91.67,358.434
4.571,2,2,0,5,0,246.4
3.7569,0,0,0,6,0,128.259
-1.6681,0,3,3,2,60.69,92.094
0.967,1,2,2,1,63.32,137.138
0.6777,2,7,3,3,117.2,332.308
1.4547,0,2,0,6,18.46,173.039
1.7783,0,3,0,7,35.53,186.251
2.19406,1,1,1,0,26.02,135.21
1.70018,0,1,0,2,23.79,83.134
3.4662,0,2,0,9,26.3,198.306
2.0397,1,4,2,5,58.92,276.332
1.9505,0,0,0,0,0,70.135
3.8164,3,8,1,8,87.86,409.442
2.5127,2,8,2,7,119.36,426.421
2.6079,1,2,0,1,26.3,174.199
5.38582,4,1,2,4,41.81,326.443
2.0665,1,2,1,3,46.17,211.648
1.4112,0,0,0,1,0,76.526
3.51392,3,4,1,3,77.98,381.379
1.81142,1,4,0,2,86.28,182.135
3.5752,3,1,1,0,26.02,193.249
4.78974,3,1,2,3,41.81,343.268
1.2576,2,7,2,5,105.51,290.323
4.20004,3,5,1,5,64.35,362.429
3.2888,3,6,2,5,84.58,350.374
6.3595,0,2,2,5,40.46,402.663
5.26584,5,8,0,6,74.43,457.559
3.3524,1,1,1,0,20.23,197.448
0.7614,0,1,0,1,17.07,70.091
1.735,1,1,0,0,12.89,113.547
3.2182,0,0,0,1,0,345.654
4.236,2,2,1,7,32.34,338.495
3.5754,2,4,1,2,50.7,275.526
4.7734,4,9,1,5,93.19,517.582
2.1184,1,1,1,2,12.03,121.183
1.8318,1,3,0,0,38.67,184.413
5.7548,4,10,4,2,106.16,506.618
0.8747,0,1,1,1,37.3,128.942
2.9564,0,1,1,8,12.03,157.301
0.9744,1,2,2,0,46.25,109.128
3.26998,3,8,1,8,86.54,432.528
0.7788,0,1,1,2,20.23,74.123
-2.996,0,0,0,0,0,35.453
4.3114,3,3,0,6,39.19,361.465
4.7734,4,9,1,5,93.19,517.582
1.8204,1,1,0,1,12.89,127.574
1.69322,1,1,1,1,37.3,136.15
2.2772,2,4,1,2,48.14,194.259
5.5497,3,4,3,5,92.35,464.831
6.592,4,8,4,0,99.68,504.398
1.7992,1,2,0,1,32.67,174.203
4.11838,3,7,1,8,83.3,403.486
7.2026,0,12,0,13,126.44,734.924
5.12542,4,5,3,5,100.94,446.898
4.8201,1,0,0,0,0,264.366
3.35478,3,8,1,8,92.53,419.485
3.66008,3,8,1,9,86.54,446.555
1.16598,0,1,0,0,23.79,69.107
10.9122,0,0,0,21,0,545.334
0.9579,2,2,1,0,41.57,119.127
3.7357,3,14,4,10,221.29,853.918
4.5101,4,8,3,9,100.78,445.571
3.3806,4,11,4,12,153.1,532.649
1.8809,0,2,1,8,23.47,173.3
0.5974,0,4,0,9,43.52,202.25
4.5834,3,1,1,2,12.03,219.287
4.1843,2,6,1,7,82.06,422.477
1.942,0,1,0,3,17.07,120.579
2.5852,2,8,3,9,98.66,556.461
1.48542,1,3,1,1,69.16,152.153
4.4413,3,4,3,15,98.74,515.654
-0.4951,0,3,2,4,91.67,146.098
4.7326,4,6,2,5,75.86,379.851
2.3043,3,11,3,8,147.71,542.666
2.3953,1,2,2,0,40.46,166.22
3.0963,3,4,0,2,40.8,336.367
7.2622,5,4,3,10,61.97,513.085
2.9815,0,2,0,5,20.31,189.324
4.9753,4,6,1,4,68.52,409.291
2.67862,2,4,0,1,77.28,267.24
1.7696,2,2,2,2,58.2,252.273
7.1037,3,7,0,16,66.46,602.555
1.0978,1,2,2,0,40.46,110.112
4.5923,1,7,2,11,72.42,566.783
1.6085,2,7,2,3,160.88,314.231
5.8544,2,9,4,7,167.03,816.82
3.7992,3,6,1,6,69.4,349.39
4.4872,4,13,1,8,166.54,602.556
4.5166,3,5,1,3,63.99,381.844
2.204,0,4,0,6,44.76,182.156
2.0456,1,1,1,0,20.23,128.558
2.6029,2,2,1,3,37.3,212.248
2.2482,1,2,0,1,43.14,157.556
3.7899,0,1,1,2,37.3,234.339
2.4115,0,2,2,2,52.04,210.365
2.5775,2,3,2,6,41.49,259.349
1.1794,0,3,0,2,35.53,118.132
0.4659,0,1,1,1,37.3,138.948
6.5096,1,5,2,10,53.96,548.812
2.35402,1,1,1,0,20.23,142.585
1.7073,1,3,1,5,35.58,295.814
3.6878,3,6,2,6,107.24,545.493
1.9127,3,4,3,1,87.82,226.239
4.2641,4,8,3,9,100.78,431.544
3.58472,1,6,0,7,53.47,304.352
8.919,0,4,0,5,52.6,554.856
2.8716,2,6,1,5,83.09,399.443
1.20754,1,3,0,1,57.2,185.224
0.5027,0,4,0,4,52.6,160.169
4.9705,3,4,0,4,59.5,422.912
2.4017,0,1,0,0,17.07,152.237
3.05672,1,3,0,0,39.44,232.279
0.2506,0,2,0,0,34.14,108.096
0.4946,0,7,0,14,80.29,302.323
0.4051,1,13,12,33,348.02,1044.302
5.1697,4,8,3,9,126.33,529.622
1.884,0,2,1,5,41.57,261.089
1.0816,1,1,0,0,12.89,79.102
0.0056,0,1,2,2,38.05,116.189
2.2482,1,2,0,1,43.14,157.556
7.1465,0,6,1,6,98.9,559.788
0.6731,0,2,0,2,43.14,89.094
3.6108,1,3,0,0,43.37,285.897
1.645,1,1,1,1,29.1,135.166
5.1047,2,8,0,5,111.46,591.108
-0.3149,1,3,2,1,68.01,137.142
5.0629,1,6,1,2,72.5,539.595
2.9358,2,1,1,1,26.02,169.227
7.0826,4,5,0,5,55.2,506.414
2.7199,3,5,2,2,110.73,381.133
7.20884,4,8,4,0,99.68,532.452
1.2278,1,3,0,1,35.53,150.133
4.6436,0,2,0,0,34.14,312.453
1.48732,1,1,1,1,20.23,122.167
1.4055,1,0,0,0,0,65.095
1.2598,1,4,0,2,52.6,194.186
2.8059,1,1,0,1,17.07,175.014
4.46164,3,7,1,10,83.88,453.612
6.46084,2,3,2,2,40.46,358.547
5.0694,3,6,2,9,77.38,436.504
-0.9368,1,2,2,0,65.72,112.088
4.955,3,3,2,6,67.01,375.472
0.2182,0,6,4,1,115.06,364.438
2.5287,0,0,0,0,0,120.195
2.75752,1,0,0,0,0,171.037
3.2909,2,6,2,4,75.19,469.339
1.1853,0,1,0,0,9.23,86.134
5.4895,3,7,1,7,81.91,488.436
5.2052,3,7,4,7,108.61,438.476
1.80752,1,1,0,1,17.07,120.151
5.9422,3,8,3,13,113.88,550.656
2.7199,3,5,2,2,110.73,381.133
3.4034,2,1,0,4,9.23,198.265
3.9517,2,2,1,8,15.27,302.849
3.8899,2,7,2,7,102.29,438.476
4.3536,3,6,1,6,70.29,356.374
2.21164,1,2,0,1,43.14,151.165
-7.5714,0,16,11,8,268.68,504.438
5.1461,0,0,0,10,0,204.785
5.1754,2,5,0,11,40.16,440.367
3.1436,3,8,1,6,96.07,358.35
4.5544,4,8,4,0,99.68,368.404
0.3843,1,3,3,2,66.48,153.181
1.4012,0,0,0,0,0,108.966
2.9358,2,1,1,1,26.02,169.227
4.7402,4,7,1,5,74.73,429.476
5.1047,2,8,0,5,111.46,591.108
1.2474,0,5,3,1,94.83,348.439
2.8117,3,3,2,1,67.59,336.136
0.0013,2,12,6,5,206.07,543.525
-1.4394,0,3,3,4,52.49,105.137
3.3306,2,1,2,2,41.13,212.252
5.0377,3,6,2,5,77.99,450.345
1.8214,0,1,0,1,9.23,102.177
-0.7802,0,4,4,5,80.92,307.966
3.0606,2,4,2,5,64.93,371.868
0.1527,0,7,1,10,99.13,298.291
4.9427,1,7,1,3,81.73,555.594
1.3432,1,2,2,2,66.4,179.175
1.0289,2,11,5,4,185.84,527.526
2.7513,0,1,1,5,20.23,156.269
5.2581,4,9,2,9,115.33,543.649
3.2086,3,8,1,6,96.59,388.372
5.062,0,3,0,10,35.53,310.478
1.6273,3,6,2,5,98.94,285.307
2.0668,0,4,3,0,77.76,334.456
